,Algorithm,Components,Clusters,AccuracyIn,AccuracyOut,Time
0,Base,0,0,0.8293125,0.82775,22.7382173
0,PCA,1,0,0.7503125,0.75175,0.6421458000000015
0,PCA,1,1,0.5,0.5,0.4538606999999999
0,PCA,1,2,0.5,0.5,0.16571840000000293
0,PCA,1,3,0.7495625,0.75075,0.4522691000000023
0,PCA,1,4,0.6485,0.64975,0.40035070000000417
0,PCA,1,5,0.7525625,0.75325,0.42524099999999976
0,PCA,1,6,0.5,0.5,0.2663133000000002
0,PCA,1,7,0.6505,0.65025,0.4527461000000059
0,PCA,1,8,0.7495625,0.75075,0.5078017000000017
0,PCA,1,9,0.7545625,0.75375,0.9850439000000009
0,PCA,1,10,0.7495625,0.75075,0.7161158000000043
0,PCA,1,11,0.7525625,0.75325,1.0259800999999982
0,PCA,1,12,0.752125,0.75475,1.5563803000000007
0,PCA,1,13,0.5,0.5,0.8610576000000023
0,PCA,1,14,0.7554375,0.75825,1.9647377000000006
0,PCA,1,15,0.7554375,0.75825,3.8801023999999984
0,PCA,1,16,0.7554375,0.75825,2.4582148000000004
0,PCA,1,17,0.7496875,0.75075,0.8735836999999975
0,PCA,1,18,0.7671875,0.77125,1.6153188999999983
0,PCA,1,19,0.5,0.5,0.632548700000001
0,PCA,2,0,0.69725,0.69325,0.8751670999999988
0,PCA,2,1,0.5,0.5,0.0677999999999912
0,PCA,2,2,0.5,0.5,0.10290810000000761
0,PCA,2,3,0.6485,0.64975,0.20090569999999275
0,PCA,2,4,0.6485,0.64975,0.36682220000000143
0,PCA,2,5,0.7495625,0.75075,0.3603746000000001
0,PCA,2,6,0.5,0.5,0.19288319999999715
0,PCA,2,7,0.7545625,0.75375,0.5043971999999997
0,PCA,2,8,0.7545625,0.75375,0.2897558000000089
0,PCA,2,9,0.6020625,0.60125,0.6826627000000087
0,PCA,2,10,0.7545625,0.75375,1.3564812999999987
0,PCA,2,11,0.7545625,0.75375,0.9590472999999946
0,PCA,2,12,0.7545625,0.75375,1.259323000000009
0,PCA,2,13,0.765,0.76425,1.1356607000000025
0,PCA,2,14,0.765,0.76425,1.297807000000006
0,PCA,2,15,0.621625,0.62075,1.0059875000000034
0,PCA,2,16,0.765,0.76425,2.597224099999991
0,PCA,2,17,0.765,0.76425,1.9218256000000054
0,PCA,2,18,0.765,0.76425,1.7877957999999978
0,PCA,2,19,0.5,0.5,1.3494950000000046
0,PCA,3,0,0.7510625,0.749,0.37892730000000086
0,PCA,3,1,0.5,0.5,0.06331430000000182
0,PCA,3,2,0.5,0.5,0.0953300999999982
0,PCA,3,3,0.7496875,0.75125,0.2477539000000064
0,PCA,3,4,0.6599375,0.658,0.2448479999999904
0,PCA,3,5,0.6394375,0.63725,0.28722170000000347
0,PCA,3,6,0.5,0.5,0.36527680000000373
0,PCA,3,7,0.667875,0.664,0.5109214000000009
0,PCA,3,8,0.745375,0.746,0.3763814999999937
0,PCA,3,9,0.5851875,0.5855,0.7374283999999989
0,PCA,3,10,0.5851875,0.5855,0.3509700000000038
0,PCA,3,11,0.760875,0.759,0.4576519000000019
0,PCA,3,12,0.5851875,0.5855,0.6626648999999958
0,PCA,3,13,0.5,0.5,0.6475736999999953
0,PCA,3,14,0.7690625,0.76775,0.7252928999999995
0,PCA,3,15,0.616375,0.615,0.6030497999999938
0,PCA,3,16,0.7689375,0.7675,1.972836700000002
0,PCA,3,17,0.7665,0.7675,1.0433248999999876
0,PCA,3,18,0.684125,0.69375,0.634563
0,PCA,3,19,0.5,0.5,0.48973370000000216
0,PCA,4,0,0.7650625,0.7665,3.8417798999999917
0,PCA,4,1,0.5,0.5,0.06874460000000227
0,PCA,4,2,0.5,0.5,0.22496490000000335
0,PCA,4,3,0.7495625,0.75075,0.21862209999999038
0,PCA,4,4,0.6599375,0.658,0.30112350000000276
0,PCA,4,5,0.6785,0.67875,0.34066889999999717
0,PCA,4,6,0.5,0.5,0.3069312000000082
0,PCA,4,7,0.679625,0.683,0.553572299999999
0,PCA,4,8,0.684,0.6885,0.3771946999999898
0,PCA,4,9,0.6113125,0.613,0.4739428000000032
0,PCA,4,10,0.6044375,0.6075,0.5489109000000099
0,PCA,4,11,0.7580625,0.75575,0.5638366000000019
0,PCA,4,12,0.6021875,0.6045,0.5081933999999961
0,PCA,4,13,0.5,0.5,0.6335848000000084
0,PCA,4,14,0.763625,0.76075,1.1780887000000035
0,PCA,4,15,0.765875,0.761,1.4055001999999917
0,PCA,4,16,0.7666875,0.761,1.9260174000000063
0,PCA,4,17,0.766875,0.76125,2.1078781999999876
0,PCA,4,18,0.7643125,0.76475,1.3834339
0,PCA,4,19,0.5,0.5,1.212686000000005
0,PCA,5,0,0.7484375,0.74925,0.39001679999999794
0,PCA,5,1,0.5,0.5,0.07069780000000492
0,PCA,5,2,0.5,0.5,0.11328770000000077
0,PCA,5,3,0.7495625,0.75075,0.24315339999999708
0,PCA,5,4,0.6599375,0.658,0.30532920000000274
0,PCA,5,5,0.595875,0.60725,0.41268050000000756
0,PCA,5,6,0.5,0.5,0.37334080000000824
0,PCA,5,7,0.6765,0.677,0.7297990999999939
0,PCA,5,8,0.72125,0.72525,0.6444833000000045
0,PCA,5,9,0.6368125,0.63675,0.678110899999993
0,PCA,5,10,0.732,0.7365,1.1386888999999911
0,PCA,5,11,0.7169375,0.71725,1.1015368000000052
0,PCA,5,12,0.737,0.737,1.240242699999996
0,PCA,5,13,0.5,0.5,1.438800900000004
0,PCA,5,14,0.7414375,0.73975,0.9139868000000035
0,PCA,5,15,0.7414375,0.73975,1.4939615000000117
0,PCA,5,16,0.747,0.7485,1.1449029000000053
0,PCA,5,17,0.7440625,0.74775,1.2161125000000084
0,PCA,5,18,0.734875,0.739,1.3505662999999828
0,PCA,5,19,0.5,0.5,1.3855197000000032
0,PCA,6,0,0.5,0.5,0.02530279999999152
0,PCA,6,1,0.5,0.5,0.0668231000000219
0,PCA,6,2,0.5,0.5,0.121103799999986
0,PCA,6,3,0.6485,0.64975,0.20678100000000654
0,PCA,6,4,0.765125,0.76375,0.33342829999998
0,PCA,6,5,0.6615625,0.663,0.3021787000000131
0,PCA,6,6,0.5,0.5,0.9433648000000119
0,PCA,6,7,0.7181875,0.71775,1.0942858999999885
0,PCA,6,8,0.6485,0.64975,1.060459800000018
0,PCA,6,9,0.7495625,0.75075,1.2883651000000214
0,PCA,6,10,0.76,0.7635,0.6036947999999995
0,PCA,6,11,0.6850625,0.68625,0.9862569999999948
0,PCA,6,12,0.758125,0.759,0.9849349999999788
0,PCA,6,13,0.6076875,0.60875,1.1813185999999973
0,PCA,6,14,0.771,0.772,1.1883301999999958
0,PCA,6,15,0.6373125,0.64175,1.1287109999999814
0,PCA,6,16,0.7695,0.771,1.3200390000000084
0,PCA,6,17,0.7085,0.70725,1.5922999999999945
0,PCA,6,18,0.7675625,0.7645,1.455952200000013
0,PCA,6,19,0.5,0.5,0.9825151000000005
0,PCA,7,0,0.7896875,0.79175,1.625512499999985
0,PCA,7,1,0.5,0.5,0.07041150000000584
0,PCA,7,2,0.5,0.5,0.10757699999999204
0,PCA,7,3,0.7495625,0.75075,0.23973010000000272
0,PCA,7,4,0.7495625,0.75075,0.3252470000000187
0,PCA,7,5,0.6599375,0.658,0.2522671000000116
0,PCA,7,6,0.5,0.5,0.3226343999999983
0,PCA,7,7,0.7495625,0.75075,0.545089599999983
0,PCA,7,8,0.6485,0.64975,0.29014560000001666
0,PCA,7,9,0.6649375,0.661,0.9143349999999941
0,PCA,7,10,0.6485,0.64975,0.41533050000001026
0,PCA,7,11,0.6590625,0.65825,0.38515780000000177
0,PCA,7,12,0.7559375,0.7545,0.5279725000000042
0,PCA,7,13,0.6406875,0.64125,1.0873875999999996
0,PCA,7,14,0.7510625,0.7525,0.9676849999999888
0,PCA,7,15,0.632375,0.6325,1.0651135999999894
0,PCA,7,16,0.754625,0.7515,1.9677086000000088
0,PCA,7,17,0.7524375,0.754,2.3896151000000145
0,PCA,7,18,0.7524375,0.75375,1.950158700000003
0,PCA,7,19,0.5,0.5,1.3713209999999947
0,PCA,8,0,0.8123125,0.80675,1.5772125000000017
0,PCA,8,1,0.5,0.5,0.0780366999999842
0,PCA,8,2,0.5,0.5,0.17578689999999142
0,PCA,8,3,0.6599375,0.658,0.24427860000000123
0,PCA,8,4,0.6599375,0.658,0.2756095000000016
0,PCA,8,5,0.67875,0.68125,0.2841344999999933
0,PCA,8,6,0.5,0.5,0.26424860000000194
0,PCA,8,7,0.7270625,0.72975,0.8120468000000187
0,PCA,8,8,0.7495625,0.75075,0.5144647000000191
0,PCA,8,9,0.74075,0.74575,1.0006103000000053
0,PCA,8,10,0.750625,0.75475,1.390326999999985
0,PCA,8,11,0.7539375,0.7595,1.2570834999999931
0,PCA,8,12,0.756125,0.761,1.1521403000000134
0,PCA,8,13,0.7578125,0.761,1.5144651999999894
0,PCA,8,14,0.7574375,0.76075,2.383743100000004
0,PCA,8,15,0.555125,0.558,2.0420633999999893
0,PCA,8,16,0.7675625,0.76975,3.6432290000000194
0,PCA,8,17,0.77275,0.77325,2.0869009000000176
0,PCA,8,18,0.7741875,0.7735,2.0960943000000043
0,PCA,8,19,0.5,0.5,1.5505848999999898
0,PCA,9,0,0.7890625,0.7905,0.5312031999999931
0,PCA,9,1,0.5,0.5,0.09007499999998458
0,PCA,9,2,0.5,0.5,0.1477113999999915
0,PCA,9,3,0.61475,0.62325,0.32865759999998545
0,PCA,9,4,0.6019375,0.61275,0.23123150000000692
0,PCA,9,5,0.7495625,0.75075,0.43812350000001743
0,PCA,9,6,0.5,0.5,0.7467760000000112
0,PCA,9,7,0.63125,0.63975,1.0100947000000247
0,PCA,9,8,0.6615625,0.66275,0.6033308999999747
0,PCA,9,9,0.751,0.7525,0.7391977999999995
0,PCA,9,10,0.636875,0.6385,0.6019484999999918
0,PCA,9,11,0.753125,0.75225,1.8546956000000137
0,PCA,9,12,0.7516875,0.75125,2.3225596999999993
0,PCA,9,13,0.5,0.5,2.08085539999999
0,PCA,9,14,0.745375,0.749,1.9708445999999924
0,PCA,9,15,0.7588125,0.7615,2.298092099999991
0,PCA,9,16,0.7615,0.7635,2.067446899999993
0,PCA,9,17,0.6735625,0.67475,2.35065019999999
0,PCA,9,18,0.76775,0.771,1.9373356000000115
0,PCA,9,19,0.5,0.5,2.6658457000000055
0,PCA,10,0,0.8120625,0.81025,9.173317499999996
0,PCA,10,1,0.5,0.5,0.0884424999999851
0,PCA,10,2,0.5,0.5,0.27442360000000576
0,PCA,10,3,0.6485,0.64975,0.22756899999998836
0,PCA,10,4,0.7258125,0.727,0.4441874999999982
0,PCA,10,5,0.6976875,0.70375,0.6582439999999963
0,PCA,10,6,0.5,0.5,0.7610768000000121
0,PCA,10,7,0.7495625,0.75075,0.5030413000000067
0,PCA,10,8,0.7495625,0.75075,1.2611390000000142
0,PCA,10,9,0.74325,0.747,1.5806934999999953
0,PCA,10,10,0.657625,0.66275,1.612304000000023
0,PCA,10,11,0.745875,0.748,1.8126839000000246
0,PCA,10,12,0.746125,0.74875,1.9394010999999978
0,PCA,10,13,0.5600625,0.5565,1.9571178999999859
0,PCA,10,14,0.7615625,0.76175,2.53719270000002
0,PCA,10,15,0.7615625,0.76175,2.2896047000000124
0,PCA,10,16,0.764625,0.76325,2.345960400000024
0,PCA,10,17,0.762875,0.762,2.7697933000000035
0,PCA,10,18,0.767,0.767,3.393170800000007
0,PCA,10,19,0.5,0.5,3.3686480000000074
0,PCA,11,0,0.8015,0.79825,0.795303500000017
0,PCA,11,1,0.5,0.5,0.09435120000000552
0,PCA,11,2,0.5,0.5,0.1522224999999935
0,PCA,11,3,0.6485,0.64975,0.22367170000001124
0,PCA,11,4,0.6485,0.64975,0.32227180000001
0,PCA,11,5,0.7495625,0.75075,0.35600549999998066
0,PCA,11,6,0.5,0.5,0.3541589000000158
0,PCA,11,7,0.7545625,0.75375,0.42831979999999703
0,PCA,11,8,0.6610625,0.6685,0.5932071000000292
0,PCA,11,9,0.741375,0.739,1.4413347999999928
0,PCA,11,10,0.7495625,0.75075,1.0159871999999837
0,PCA,11,11,0.6933125,0.70025,0.7842784999999708
0,PCA,11,12,0.773875,0.77325,1.0421015000000011
0,PCA,11,13,0.6421875,0.6355,1.246063300000003
0,PCA,11,14,0.773875,0.77325,1.5111582999999769
0,PCA,11,15,0.773875,0.77325,1.2133576999999605
0,PCA,11,16,0.7659375,0.764,6.2760131
0,PCA,11,17,0.7665,0.764,6.362100499999997
0,PCA,11,18,0.7571875,0.7545,4.774867799999981
0,PCA,11,19,0.5,0.5,3.559367400000042
0,PCA,12,0,0.8135,0.80775,7.935068999999999
0,PCA,12,1,0.5,0.5,0.11553000000003522
0,PCA,12,2,0.5,0.5,0.41535559999999805
0,PCA,12,3,0.631,0.631,0.8847346000000016
0,PCA,12,4,0.601875,0.613,0.41251920000001974
0,PCA,12,5,0.6784375,0.68125,0.7386154999999803
0,PCA,12,6,0.5,0.5,1.053364799999997
0,PCA,12,7,0.7338125,0.733,2.4222637000000304
0,PCA,12,8,0.7484375,0.749,2.5114661999999726
0,PCA,12,9,0.5581875,0.55525,3.0218452000000298
0,PCA,12,10,0.5581875,0.55525,3.675728100000015
0,PCA,12,11,0.7650625,0.76375,2.0444736000000034
0,PCA,12,12,0.7650625,0.76375,1.9052355000000034
0,PCA,12,13,0.56575,0.56075,1.9958588999999733
0,PCA,12,14,0.7731875,0.77225,1.391380300000037
0,PCA,12,15,0.7731875,0.77225,1.5556815999999571
0,PCA,12,16,0.7711875,0.7715,3.2779963000000407
0,PCA,12,17,0.7686875,0.77075,2.063457299999982
0,PCA,12,18,0.7716875,0.77175,2.1000583000000006
0,PCA,12,19,0.5,0.5,4.489095500000019
0,PCA,13,0,0.794375,0.797,1.2877566999999885
0,PCA,13,1,0.5,0.5,0.10163950000003297
0,PCA,13,2,0.5,0.5,0.2367684999999824
0,PCA,13,3,0.7495625,0.75075,0.3433656000000269
0,PCA,13,4,0.7495625,0.75075,0.40789910000000873
0,PCA,13,5,0.6243125,0.62825,0.5669426000000044
0,PCA,13,6,0.5,0.5,0.5973229999999603
0,PCA,13,7,0.7248125,0.7215,0.8342107000000283
0,PCA,13,8,0.74425,0.74725,1.3271055999999817
0,PCA,13,9,0.758875,0.76075,0.885616299999981
0,PCA,13,10,0.757375,0.75675,1.118019600000025
0,PCA,13,11,0.7731875,0.77225,0.8664555999999948
0,PCA,13,12,0.7731875,0.77225,1.8005436999999915
0,PCA,13,13,0.564875,0.5635,1.7220164999999952
0,PCA,13,14,0.769375,0.7695,2.29555449999998
0,PCA,13,15,0.5985,0.59675,2.280408799999975
0,PCA,13,16,0.769375,0.7695,2.634503299999949
0,PCA,13,17,0.769375,0.7695,3.2472766000000206
0,PCA,13,18,0.769375,0.7695,3.517516399999977
0,PCA,13,19,0.5,0.5,2.936835599999995
0,PCA,14,0,0.7949375,0.797,0.7428170999999679
0,PCA,14,1,0.5,0.5,0.1365845000000263
0,PCA,14,2,0.5,0.5,0.4877248000000236
0,PCA,14,3,0.5971875,0.60775,0.7017142999999919
0,PCA,14,4,0.61475,0.62325,1.1527783000000227
0,PCA,14,5,0.749375,0.74625,0.7872292999999786
0,PCA,14,6,0.5,0.5,0.867806499999972
0,PCA,14,7,0.6806875,0.68925,0.833248900000001
0,PCA,14,8,0.747375,0.74175,2.2300561999999786
0,PCA,14,9,0.758625,0.75225,4.1555720000000065
0,PCA,14,10,0.6401875,0.646,2.4333731999999486
0,PCA,14,11,0.7583125,0.75275,3.15297129999999
0,PCA,14,12,0.7583125,0.75275,3.35954449999997
0,PCA,14,13,0.5773125,0.572,3.189450900000054
0,PCA,14,14,0.77,0.76725,3.7491291000000047
0,PCA,14,15,0.5773125,0.572,3.2506885999999895
0,PCA,14,16,0.771,0.77,2.89263440000002
0,PCA,14,17,0.771,0.77,2.9744973999999615
0,PCA,14,18,0.6744375,0.675,5.246289500000046
0,PCA,14,19,0.5,0.5,8.077614499999981
0,PCA,15,0,0.795625,0.79725,0.7656235000000038
0,PCA,15,1,0.5,0.5,0.12957940000001145
0,PCA,15,2,0.5,0.5,0.18590119999998933
0,PCA,15,3,0.6485,0.64975,0.36101200000001654
0,PCA,15,4,0.765125,0.764,0.6336753000000499
0,PCA,15,5,0.584875,0.59025,0.8033764000000474
0,PCA,15,6,0.5,0.5,0.573270100000002
0,PCA,15,7,0.757625,0.75875,0.7053307999999561
0,PCA,15,8,0.746375,0.752,1.1507793000000106
0,PCA,15,9,0.7626875,0.766,2.152903600000002
0,PCA,15,10,0.7370625,0.742,1.9723599999999806
0,PCA,15,11,0.7448125,0.74825,2.4152315000000044
0,PCA,15,12,0.6705,0.67425,2.983091799999954
0,PCA,15,13,0.5,0.5,3.6146867999999586
0,PCA,15,14,0.7545,0.75875,1.937956999999983
0,PCA,15,15,0.60925,0.613,1.4679678999999624
0,PCA,15,16,0.7545,0.75875,3.3915645000000154
0,PCA,15,17,0.767375,0.77025,3.5321976999999833
0,PCA,15,18,0.767375,0.77025,4.897653899999966
0,PCA,15,19,0.5,0.5,5.1986727000000315
0,PCA,16,0,0.7989375,0.79975,2.245724600000017
0,PCA,16,1,0.5,0.5,0.14317719999996825
0,PCA,16,2,0.5,0.5,0.2445914000000471
0,PCA,16,3,0.7249375,0.72925,1.1458643999999936
0,PCA,16,4,0.7435,0.73825,0.9222647999999936
0,PCA,16,5,0.717625,0.715,0.9525821000000292
0,PCA,16,6,0.5,0.5,3.1385649999999714
0,PCA,16,7,0.762875,0.761,1.4412884999999847
0,PCA,16,8,0.7335,0.7315,2.1921424999999886
0,PCA,16,9,0.6195625,0.619,2.5508451000000036
0,PCA,16,10,0.7603125,0.75575,2.6133131999999932
0,PCA,16,11,0.6531875,0.6555,4.524876799999959
0,PCA,16,12,0.75625,0.7515,4.855209500000001
0,PCA,16,13,0.5821875,0.5815,5.680918399999996
0,PCA,16,14,0.765875,0.76875,4.343865700000038
0,PCA,16,15,0.6610625,0.66975,4.846387900000025
0,PCA,16,16,0.754875,0.756,3.334441799999979
0,PCA,16,17,0.7533125,0.75625,9.672941100000003
0,PCA,16,18,0.7546875,0.758,6.190818100000001
0,PCA,16,19,0.5,0.5,6.464246899999921
0,PCA,17,0,0.8180625,0.8135,3.0417780999999877
0,PCA,17,1,0.5,0.5,0.12752240000008896
0,PCA,17,2,0.5,0.5,0.41188499999998385
0,PCA,17,3,0.7495625,0.75075,0.4097494000000097
0,PCA,17,4,0.7550625,0.75475,0.5942357000000129
0,PCA,17,5,0.6485,0.64975,0.6940999000000829
0,PCA,17,6,0.5,0.5,0.7174649999999474
0,PCA,17,7,0.7248125,0.7215,0.9342182999999977
0,PCA,17,8,0.74325,0.744,1.2099140000000261
0,PCA,17,9,0.745625,0.74375,3.241702299999929
0,PCA,17,10,0.745625,0.74375,3.4450239999999894
0,PCA,17,11,0.745625,0.74375,3.73807649999992
0,PCA,17,12,0.7421875,0.73975,3.0124951000000237
0,PCA,17,13,0.5,0.5,2.880223200000046
0,PCA,17,14,0.75625,0.7555,2.043220799999972
0,PCA,17,15,0.612125,0.6095,3.021479900000031
0,PCA,17,16,0.7549375,0.7545,3.321649999999977
0,PCA,17,17,0.7583125,0.75575,3.2588088999999627
0,PCA,17,18,0.6678125,0.66425,3.2709916999999678
0,PCA,17,19,0.5,0.5,3.055287099999987
0,PCA,18,0,0.82575,0.8235,6.689939200000026
0,PCA,18,1,0.5,0.5,0.1599316000000499
0,PCA,18,2,0.5,0.5,0.26887599999997747
0,PCA,18,3,0.7495625,0.75075,0.6494715000000042
0,PCA,18,4,0.7248125,0.7215,0.7344477999999981
0,PCA,18,5,0.7248125,0.7215,0.7482929999999897
0,PCA,18,6,0.5,0.5,1.3806509000000915
0,PCA,18,7,0.7248125,0.7215,1.0071369000000914
0,PCA,18,8,0.74225,0.7495,2.3237067000000025
0,PCA,18,9,0.73675,0.73475,4.329397799999924
0,PCA,18,10,0.7365,0.73575,3.4444374000000835
0,PCA,18,11,0.7495625,0.75075,2.0622491999999966
0,PCA,18,12,0.7495625,0.75075,1.9528490000000147
0,PCA,18,13,0.5,0.5,3.1787032999999383
0,PCA,18,14,0.765125,0.764,2.8843262000000323
0,PCA,18,15,0.5573125,0.56025,3.597567799999979
0,PCA,18,16,0.7745,0.77325,5.614764899999955
0,PCA,18,17,0.7745,0.77325,4.586692800000037
0,PCA,18,18,0.7745,0.77325,4.689922899999942
0,PCA,18,19,0.5,0.5,4.963421999999923
0,PCA,19,0,0.8098125,0.8095,3.066076800000019
0,PCA,19,1,0.5,0.5,0.13517860000001747
0,PCA,19,2,0.5,0.5,0.216323799999941
0,PCA,19,3,0.7495625,0.75075,0.5361480999999912
0,PCA,19,4,0.7495625,0.75075,0.4566412000000355
0,PCA,19,5,0.63175,0.63375,0.4878019000000222
0,PCA,19,6,0.5,0.5,0.508833299999992
0,PCA,19,7,0.7495625,0.75075,0.8165910999999824
0,PCA,19,8,0.7184375,0.7205,1.7056768999999576
0,PCA,19,9,0.7495625,0.75075,1.3652650999999878
0,PCA,19,10,0.7545625,0.75375,1.4573514000001069
0,PCA,19,11,0.7545625,0.75375,2.8996362000000317
0,PCA,19,12,0.7545625,0.75375,3.412484900000095
0,PCA,19,13,0.5,0.5,2.898997300000019
0,PCA,19,14,0.756,0.7555,3.276842800000054
0,PCA,19,15,0.5955,0.593,3.0525925999999117
0,PCA,19,16,0.7636875,0.76075,5.51784269999996
0,PCA,19,17,0.763125,0.7615,4.59436919999996
0,PCA,19,18,0.699125,0.7075,4.062465299999985
0,PCA,19,19,0.5,0.5,4.279556599999978
0,PCA,20,0,0.8256875,0.82475,7.594844400000056
0,PCA,20,1,0.5,0.5,0.1286465999999109
0,PCA,20,2,0.5,0.5,0.6171884000000318
0,PCA,20,3,0.6203125,0.6255,0.4056397999999035
0,PCA,20,4,0.709875,0.71075,0.9970884000000524
0,PCA,20,5,0.7325625,0.7345,1.3021845999999186
0,PCA,20,6,0.5,0.5,0.7438257000000021
0,PCA,20,7,0.721375,0.7265,0.7317775999999867
0,PCA,20,8,0.7545625,0.75375,1.0574485999999297
0,PCA,20,9,0.7545625,0.75375,1.4627868000000035
0,PCA,20,10,0.7545625,0.75375,1.394218500000079
0,PCA,20,11,0.754,0.7565,1.453366200000005
0,PCA,20,12,0.751375,0.75175,1.6267014999999674
0,PCA,20,13,0.5,0.5,2.3627380000000358
0,PCA,20,14,0.7648125,0.76575,2.603654899999924
0,PCA,20,15,0.527625,0.527,2.9313214000000016
0,PCA,20,16,0.7021875,0.70175,2.4454971000000114
0,PCA,20,17,0.76725,0.7695,3.006437599999913
0,PCA,20,18,0.7703125,0.7695,4.711843899999963
0,PCA,20,19,0.5,0.5,3.596578499999964
0,PCA,21,0,0.824125,0.82075,5.281487000000084
0,PCA,21,1,0.5,0.5,0.16639069999996536
0,PCA,21,2,0.5,0.5,0.2521196999999802
0,PCA,21,3,0.7495625,0.75075,0.45580549999999675
0,PCA,21,4,0.7921875,0.79125,0.8898684000000685
0,PCA,21,5,0.7445,0.74025,1.039669799999956
0,PCA,21,6,0.5,0.5,1.8045851999999059
0,PCA,21,7,0.796375,0.79625,1.599999099999991
0,PCA,21,8,0.7495625,0.75075,1.2829635999999027
0,PCA,21,9,0.7545625,0.75375,1.5600500000000466
0,PCA,21,10,0.7506875,0.751,1.6942833999999038
0,PCA,21,11,0.7610625,0.7615,1.7594629000000168
0,PCA,21,12,0.7610625,0.7615,1.9642946000000165
0,PCA,21,13,0.500375,0.4965,1.7210278000000017
0,PCA,21,14,0.76175,0.7585,5.921376000000009
0,PCA,21,15,0.5329375,0.53175,6.073981600000025
0,PCA,21,16,0.7763125,0.77625,7.7132437999999865
0,PCA,21,17,0.7756875,0.7735,29.735799199999974
0,PCA,21,18,0.668875,0.6645,21.88925190000009
0,PCA,21,19,0.5,0.5,12.4351537
0,PCA,22,0,0.803125,0.79975,1.0223351999999295
0,PCA,22,1,0.5,0.5,0.14096309999990808
0,PCA,22,2,0.5,0.5,0.23669140000004063
0,PCA,22,3,0.7495625,0.75075,0.42809199999999237
0,PCA,22,4,0.7449375,0.7485,2.283321000000001
0,PCA,22,5,0.6599375,0.658,17.362242899999956
0,PCA,22,6,0.5,0.5,3.7676288000000113
0,PCA,22,7,0.746625,0.74175,12.724703800000043
0,PCA,22,8,0.747,0.74675,2.0614305999999942
0,PCA,22,9,0.7545625,0.75375,4.864701599999989
0,PCA,22,10,0.7500625,0.75175,11.417510600000014
0,PCA,22,11,0.7536875,0.75475,11.990835599999969
0,PCA,22,12,0.7530625,0.75425,22.774744700000042
0,PCA,22,13,0.762375,0.76375,24.940799000000084
0,PCA,22,14,0.7660625,0.76275,17.29384989999994
0,PCA,22,15,0.6049375,0.60725,6.376101099999914
0,PCA,22,16,0.7690625,0.76675,18.86436630000003
0,PCA,22,17,0.7691875,0.7655,25.349353000000065
0,PCA,22,18,0.7031875,0.709,10.650682299999971
0,PCA,22,19,0.5,0.5,32.20153299999993
0,PCA,23,0,0.5,0.5,0.03583770000000186
0,PCA,23,1,0.5,0.5,0.5732540000001336
0,PCA,23,2,0.5,0.5,1.2560863999999583
0,PCA,23,3,0.53,0.538,4.4142466999999215
0,PCA,23,4,0.5981875,0.60825,3.637658500000043
0,PCA,23,5,0.740125,0.74225,10.342213599999923
0,PCA,23,6,0.5,0.5,3.738925800000061
0,PCA,23,7,0.6581875,0.66925,2.214772000000039
0,PCA,23,8,0.6650625,0.682,0.8465818000001946
0,PCA,23,9,0.64325,0.6455,6.362650700000131
0,PCA,23,10,0.74375,0.73875,9.720390400000042
0,PCA,23,11,0.6774375,0.68675,12.200527800000145
0,PCA,23,12,0.7495625,0.743,17.866429100000005
0,PCA,23,13,0.5,0.5,13.284805600000027
0,PCA,23,14,0.7501875,0.7435,3.7553186000000096
0,PCA,23,15,0.7529375,0.74625,26.826000700000122
0,PCA,23,16,0.7689375,0.7605,23.2980685
0,PCA,23,17,0.76925,0.7645,19.756845299999895
0,PCA,23,18,0.769375,0.76475,13.227536999999984
0,PCA,23,19,0.5,0.5,14.72441979999985
0,PCA,24,0,0.5,0.5,0.06438409999987016
0,PCA,24,1,0.5,0.5,0.4683521000001747
0,PCA,24,2,0.5,0.5,3.3151894999998603
0,PCA,24,3,0.6485,0.64975,1.011822200000097
0,PCA,24,4,0.7436875,0.75125,5.557359599999927
0,PCA,24,5,0.7233125,0.72775,4.51071120000006
0,PCA,24,6,0.5,0.5,6.483838800000058
0,PCA,24,7,0.7495625,0.75075,1.9320290000000568
0,PCA,24,8,0.7490625,0.7505,10.461872300000095
0,PCA,24,9,0.529625,0.52875,4.286686500000087
0,PCA,24,10,0.529625,0.52875,8.040234400000145
0,PCA,24,11,0.7694375,0.772,5.565953499999978
0,PCA,24,12,0.7694375,0.772,5.570805199999995
0,PCA,24,13,0.5,0.5,5.9654673
0,PCA,24,14,0.7648125,0.7685,31.304431799999975
0,PCA,24,15,0.5824375,0.57925,10.116403300000002
0,PCA,24,16,0.7706875,0.7725,12.427436500000113
0,PCA,24,17,0.768875,0.77175,12.136534199999915
0,PCA,24,18,0.76925,0.77225,3.291190400000005
0,PCA,24,19,0.5,0.5,11.241269399999965
0,PCA,25,0,0.82525,0.822,6.157028699999955
0,PCA,25,1,0.5,0.5,0.5370070999999825
0,PCA,25,2,0.5,0.5,3.705714500000113
0,PCA,25,3,0.7495625,0.75075,1.5287498000000141
0,PCA,25,4,0.75075,0.7525,7.258216700000048
0,PCA,25,5,0.5824375,0.58725,8.276730900000075
0,PCA,25,6,0.5,0.5,2.866500500000029
0,PCA,25,7,0.7545625,0.75375,4.844748400000071
0,PCA,25,8,0.7471875,0.74275,10.125335899999982
0,PCA,25,9,0.7545625,0.75375,10.77983180000001
0,PCA,25,10,0.7535625,0.752,10.242300099999966
0,PCA,25,11,0.754375,0.75375,2.949625800000149
0,PCA,25,12,0.7506875,0.751,3.3169889999999214
0,PCA,25,13,0.63675,0.63675,14.645901600000116
0,PCA,25,14,0.75075,0.75075,32.248260800000025
0,PCA,25,15,0.564875,0.5635,20.457447399999865
0,PCA,25,16,0.7563125,0.76475,19.50324069999988
0,PCA,25,17,0.7568125,0.763,16.857926099999986
0,PCA,25,18,0.757,0.7635,24.850301599999966
0,PCA,25,19,0.5,0.5,31.6879864
0,PCA,26,0,0.826375,0.8205,10.927198199999793
0,PCA,26,1,0.5,0.5,0.36493499999983214
0,PCA,26,2,0.5,0.5,0.6528736000000208
0,PCA,26,3,0.7495625,0.75075,1.0765450999999757
0,PCA,26,4,0.7495625,0.75075,2.1213659000000007
0,PCA,26,5,0.75325,0.75525,1.9300556999999117
0,PCA,26,6,0.5,0.5,1.277897400000029
0,PCA,26,7,0.7501875,0.7515,0.9211499000000458
0,PCA,26,8,0.773875,0.77325,0.9519499000000451
0,PCA,26,9,0.773875,0.77325,2.755143900000121
0,PCA,26,10,0.7656875,0.7615,6.358986899999991
0,PCA,26,11,0.7656875,0.7615,6.665370800000119
0,PCA,26,12,0.7671875,0.762,8.865140799999836
0,PCA,26,13,0.5829375,0.5815,6.5400428000000375
0,PCA,26,14,0.764125,0.76125,15.17685739999979
0,PCA,26,15,0.5,0.5,6.2178593000001
0,PCA,26,16,0.7664375,0.7665,8.258923099999947
0,PCA,26,17,0.7720625,0.76825,16.681279899999936
0,PCA,26,18,0.54375,0.54375,5.248810000000049
0,PCA,26,19,0.5,0.5,15.276194100000112
0,PCA,27,0,0.7885,0.78975,0.9498945999998796
0,PCA,27,1,0.5,0.5,0.7629784000000654
0,PCA,27,2,0.5,0.5,0.7764669000000595
0,PCA,27,3,0.6485,0.64975,1.074564799999962
0,PCA,27,4,0.748375,0.7455,6.9184964999999465
0,PCA,27,5,0.6620625,0.6645,2.313823700000057
0,PCA,27,6,0.5,0.5,6.397940500000004
0,PCA,27,7,0.7410625,0.739,15.354920900000025
0,PCA,27,8,0.7545625,0.75375,3.3508331000000453
0,PCA,27,9,0.7498125,0.75125,6.216704199999867
0,PCA,27,10,0.7573125,0.75725,14.100834500000019
0,PCA,27,11,0.7483125,0.7495,6.839047599999958
0,PCA,27,12,0.7529375,0.75575,6.082918500000005
0,PCA,27,13,0.5,0.5,13.197648600000093
0,PCA,27,14,0.7543125,0.7495,17.131318899999997
0,PCA,27,15,0.766125,0.75875,21.61844610000003
0,PCA,27,16,0.761875,0.75775,10.527809299999944
0,PCA,27,17,0.762875,0.75725,11.84437950000006
0,PCA,27,18,0.761875,0.75775,14.572522899999967
0,PCA,27,19,0.5,0.5,7.824863700000151
0,PCA,28,0,0.829625,0.8275,8.064531899999793
0,PCA,28,1,0.5,0.5,0.48191369999995004
0,PCA,28,2,0.5,0.5,2.217840000000024
0,PCA,28,3,0.7495625,0.75075,1.5247870999999122
0,PCA,28,4,0.7495625,0.75075,5.175828200000069
0,PCA,28,5,0.7495625,0.75075,12.898023800000146
0,PCA,28,6,0.5,0.5,11.821296700000175
0,PCA,28,7,0.7385,0.73725,6.050317299999961
0,PCA,28,8,0.7499375,0.747,8.471556599999985
0,PCA,28,9,0.7494375,0.747,5.268333900000016
0,PCA,28,10,0.7518125,0.74675,5.554513199999974
0,PCA,28,11,0.7518125,0.74675,10.637544400000024
0,PCA,28,12,0.7621875,0.7585,4.626302800000076
0,PCA,28,13,0.673125,0.667,14.721796300000051
0,PCA,28,14,0.759375,0.757,17.993800799999917
0,PCA,28,15,0.6145,0.615,19.66922559999989
0,PCA,28,16,0.7760625,0.77575,28.246315900000127
0,PCA,28,17,0.7750625,0.77525,32.87316419999979
0,PCA,28,18,0.71125,0.71575,47.565964500000064
0,PCA,28,19,0.5,0.5,32.28340170000001
0,PCA,29,0,0.8305625,0.831,24.506733200000326
0,PCA,29,1,0.5,0.5,0.9918945999997959
0,PCA,29,2,0.5,0.5,1.806672499999877
0,PCA,29,3,0.7495625,0.75075,2.3918125000000146
0,PCA,29,4,0.6599375,0.658,2.7067512999997234
0,PCA,29,5,0.6493125,0.64625,8.553426899999977
0,PCA,29,6,0.5,0.5,10.961432399999921
0,PCA,29,7,0.738875,0.74125,11.57712969999966
0,PCA,29,8,0.6578125,0.65425,9.50911509999969
0,PCA,29,9,0.542875,0.539,12.64784039999995
0,PCA,29,10,0.7818125,0.77625,12.972070099999655
0,PCA,29,11,0.6771875,0.67675,10.173732499999915
0,PCA,29,12,0.5500625,0.54975,15.71659849999969
0,PCA,29,13,0.5,0.5,14.024227299999893
0,PCA,29,14,0.7645,0.76,14.056179400000019
0,PCA,29,15,0.601625,0.60775,16.31824770000003
0,PCA,29,16,0.7649375,0.759,15.64685180000015
0,PCA,29,17,0.76825,0.76425,9.478351700000076
0,PCA,29,18,0.7633125,0.7585,3.345999099999972
0,PCA,29,19,0.5,0.5,5.310212100000172
0,PCA,30,0,0.5,0.5,0.04461700000001656
0,PCA,30,1,0.5,0.5,0.22778180000022985
0,PCA,30,2,0.5,0.5,0.6327504999999292
0,PCA,30,3,0.6599375,0.658,0.47920460000023013
0,PCA,30,4,0.6599375,0.658,1.1950409000000946
0,PCA,30,5,0.7495625,0.75075,1.3977273999998943
0,PCA,30,6,0.5,0.5,3.628790199999912
0,PCA,30,7,0.7181875,0.71775,3.9413188999997146
0,PCA,30,8,0.7851875,0.78225,3.5607881999999336
0,PCA,30,9,0.5419375,0.53775,3.4141577999998844
0,PCA,30,10,0.766,0.7635,6.543422299999747
0,PCA,30,11,0.7756875,0.77525,4.8817659999999705
0,PCA,30,12,0.76,0.75775,4.268136400000003
0,PCA,30,13,0.7386875,0.73775,23.411257100000057
0,PCA,30,14,0.7600625,0.756,16.09382830000004
0,PCA,30,15,0.757125,0.753,25.967295999999806
0,PCA,30,16,0.7671875,0.76275,5.985153599999649
0,PCA,30,17,0.7748125,0.7725,27.005049299999882
0,PCA,30,18,0.775,0.77225,45.807139700000334
0,PCA,30,19,0.5,0.5,15.902059400000326
0,PCA,31,0,0.832875,0.83275,29.618126500000017
0,PCA,31,1,0.5,0.5,0.4223096999999143
0,PCA,31,2,0.5,0.5,0.9420552999999927
0,PCA,31,3,0.6599375,0.658,0.7841636000002836
0,PCA,31,4,0.6599375,0.658,1.0256794000001719
0,PCA,31,5,0.638125,0.636,1.2668831999999384
0,PCA,31,6,0.5,0.5,2.8539882999998554
0,PCA,31,7,0.751125,0.7535,6.306701699999849
0,PCA,31,8,0.7650625,0.764,18.476076899999953
0,PCA,31,9,0.61125,0.613,1.97283729999981
0,PCA,31,10,0.61125,0.613,22.421236399999998
0,PCA,31,11,0.7744375,0.77375,12.542596900000262
0,PCA,31,12,0.7726875,0.76975,8.181556900000032
0,PCA,31,13,0.7555625,0.75775,42.55611859999999
0,PCA,31,14,0.7779375,0.77825,27.193777399999817
0,PCA,31,15,0.6275,0.628,60.82803969999986
0,PCA,31,16,0.787625,0.78325,27.901265200000125
0,PCA,31,17,0.7855625,0.78275,17.547423900000013
0,PCA,31,18,0.7755,0.775,76.8694188999998
0,PCA,31,19,0.5,0.5,39.871386899999834
0,PCA,32,0,0.8295625,0.82925,28.566079000000173
0,PCA,32,1,0.5,0.5,5.567895600000156
0,PCA,32,2,0.5,0.5,7.106458100000054
0,PCA,32,3,0.6599375,0.658,1.348964100000103
0,PCA,32,4,0.6599375,0.658,1.4994390000001658
0,PCA,32,5,0.638125,0.636,2.3238244999997733
0,PCA,32,6,0.5,0.5,4.670279200000095
0,PCA,32,7,0.751125,0.7535,7.308535099999972
0,PCA,32,8,0.7650625,0.764,3.1821452999997746
0,PCA,32,9,0.61125,0.613,3.129725999999664
0,PCA,32,10,0.61125,0.613,17.665179900000112
0,PCA,32,11,0.7744375,0.77375,12.924183699999958
0,PCA,32,12,0.7726875,0.76975,21.636271699999725
0,PCA,32,13,0.7555625,0.75775,65.88916889999973
0,PCA,32,14,0.7779375,0.77825,32.1900784999998
0,PCA,32,15,0.6275,0.628,29.973759099999825
0,PCA,32,16,0.787625,0.78325,5.214112899999691
0,PCA,32,17,0.7855625,0.78275,3.1864056999997956
0,PCA,32,18,0.7755,0.775,2.4799345999999787
0,PCA,32,19,0.5,0.5,16.396942500000023
0,PCA,33,0,0.82975,0.82875,10.046554200000173
0,PCA,33,1,0.5,0.5,0.6830881999999292
0,PCA,33,2,0.5,0.5,0.805355999999847
0,PCA,33,3,0.6599375,0.658,0.7007192999999461
0,PCA,33,4,0.6599375,0.658,6.843191200000092
0,PCA,33,5,0.638125,0.636,1.593616799999836
0,PCA,33,6,0.5,0.5,8.63628639999979
0,PCA,33,7,0.751125,0.7535,17.707747299999937
0,PCA,33,8,0.7650625,0.764,1.3368881999999758
0,PCA,33,9,0.61125,0.613,1.5033573999999135
0,PCA,33,10,0.61125,0.613,3.0497605000000476
0,PCA,33,11,0.7744375,0.77375,21.105098799999723
0,PCA,33,12,0.7726875,0.76975,6.081816600000366
0,PCA,33,13,0.7555625,0.75775,44.21387959999993
0,PCA,33,14,0.7779375,0.77825,20.147880400000304
0,PCA,33,15,0.6275,0.628,20.160572499999944
0,PCA,33,16,0.787625,0.78325,12.586694699999953
0,PCA,33,17,0.7855625,0.78275,6.230051200000162
0,PCA,33,18,0.7755,0.775,5.575246900000366
0,PCA,33,19,0.5,0.5,5.256073800000195
0,PCA,34,0,0.833375,0.83275,15.176452899999731
0,PCA,34,1,0.5,0.5,0.1797281999997722
0,PCA,34,2,0.5,0.5,0.747791999999663
0,PCA,34,3,0.6599375,0.658,0.761521900000389
0,PCA,34,4,0.6599375,0.658,0.7950644000002285
0,PCA,34,5,0.638125,0.636,1.2021104000000378
0,PCA,34,6,0.5,0.5,2.4031118000002607
0,PCA,34,7,0.751125,0.7535,9.976087200000165
0,PCA,34,8,0.7650625,0.764,9.224032399999942
0,PCA,34,9,0.61125,0.613,1.653504200000043
0,PCA,34,10,0.61125,0.613,2.934183800000028
0,PCA,34,11,0.7744375,0.77375,4.7987245000003895
0,PCA,34,12,0.7726875,0.76975,29.507303500000035
0,PCA,34,13,0.7555625,0.75775,66.58971010000005
0,PCA,34,14,0.7779375,0.77825,44.61336660000006
0,PCA,34,15,0.6275,0.628,43.36220060000005
0,PCA,34,16,0.787625,0.78325,27.18396870000015
0,PCA,34,17,0.7855625,0.78275,21831.2195869
0,PCA,34,18,0.7755,0.775,80.23336310000013
0,PCA,34,19,0.5,0.5,77.50624450000032
0,RAW,0,1,0.5,0.5,0.09486720000131754
0,RAW,0,2,0.5,0.5,0.12067339999703108
0,RAW,0,3,0.6599375,0.658,0.4632966999997734
0,RAW,0,4,0.6599375,0.658,0.31938589999845135
0,RAW,0,5,0.621,0.62,0.3216772999985551
0,RAW,0,6,0.5,0.5,0.08931280000251718
0,RAW,0,7,0.75,0.752,0.20527389999915613
0,RAW,0,8,0.7650625,0.764,0.23543770000105724
0,RAW,0,9,0.603125,0.6045,0.39109499999904074
0,RAW,0,10,0.603125,0.6045,0.19094000000040978
0,RAW,0,11,0.76825,0.76825,0.27782350000052247
0,RAW,0,12,0.77,0.76925,0.3426017999991018
0,RAW,0,13,0.770125,0.7695,0.2775954999997339
0,RAW,0,14,0.783875,0.779,0.11970389999987674
0,RAW,0,15,0.6285,0.62875,0.16967360000126064
0,RAW,0,16,0.7873125,0.7855,0.33442529999956605
0,RAW,0,17,0.7873125,0.7855,0.3556916999987152
0,RAW,0,18,0.779625,0.781,0.3081412999999884
0,RAW,0,19,0.5,0.5,0.04113829999914742
0,RAW,0,20,0.7756875,0.77875,0.6526332000030379
0,RAW,0,21,0.5,0.5,0.04971849999856204
0,RAW,0,22,0.7724375,0.77275,0.3728047999975388
0,RAW,0,23,0.5,0.5,0.03554989999975078
0,RAW,0,24,0.5,0.5,0.03461560000141617
0,RAW,0,25,0.777875,0.77675,2.6469892999994045
0,RAW,0,26,0.7796875,0.77825,0.5642671999994491
0,RAW,0,27,0.5,0.5,0.04507779999767081
0,RAW,0,28,0.774,0.77725,0.6410087999975076
0,RAW,0,29,0.781375,0.78325,2.6863809999995283
0,RAW,0,30,0.5,0.5,0.18700520000129472
0,RAW,0,31,0.7776875,0.7835,2.8302850000000035
0,RAW,0,32,0.5,0.5,0.13481079999837675
0,RAW,0,33,0.7800625,0.7865,2.2626345999997284
0,RAW,0,34,0.5,0.5,0.04451089999929536
0,ICA,1,0,0.5,0.5,0.02656560000104946
0,ICA,1,0,0.5,0.5,0.4042245000018738
0,ICA,1,1,0.0,0.0,0.0
0,ICA,1,2,0.0,0.0,0.0
0,ICA,1,3,0.0,0.0,0.0
0,ICA,1,4,0.0,0.0,0.0
0,ICA,1,5,0.0,0.0,0.0
0,ICA,1,6,0.0,0.0,0.0
0,ICA,1,7,0.0,0.0,0.0
0,ICA,1,8,0.0,0.0,0.0
0,ICA,1,9,0.0,0.0,0.0
0,ICA,1,10,0.0,0.0,0.0
0,ICA,1,11,0.0,0.0,0.0
0,ICA,1,12,0.0,0.0,0.0
0,ICA,1,13,0.0,0.0,0.0
0,ICA,1,14,0.0,0.0,0.0
0,ICA,1,15,0.0,0.0,0.0
0,ICA,1,16,0.0,0.0,0.0
0,ICA,1,17,0.0,0.0,0.0
0,ICA,1,18,0.0,0.0,0.0
0,ICA,1,19,0.0,0.0,0.0
0,ICA,2,0,0.5,0.5,0.0934464999991178
0,ICA,2,1,0.0,0.0,0.0
0,ICA,2,2,0.0,0.0,0.0
0,ICA,2,3,0.0,0.0,0.0
0,ICA,2,4,0.0,0.0,0.0
0,ICA,2,5,0.0,0.0,0.0
0,ICA,2,6,0.0,0.0,0.0
0,ICA,2,7,0.0,0.0,0.0
0,ICA,2,8,0.0,0.0,0.0
0,ICA,2,9,0.0,0.0,0.0
0,ICA,2,10,0.0,0.0,0.0
0,ICA,2,11,0.0,0.0,0.0
0,ICA,2,12,0.0,0.0,0.0
0,ICA,2,13,0.0,0.0,0.0
0,ICA,2,14,0.0,0.0,0.0
0,ICA,2,15,0.0,0.0,0.0
0,ICA,2,16,0.0,0.0,0.0
0,ICA,2,17,0.0,0.0,0.0
0,ICA,2,18,0.0,0.0,0.0
0,ICA,2,19,0.0,0.0,0.0
0,ICA,3,0,0.5,0.5,0.11325139999826206
0,ICA,3,1,0.0,0.0,0.0
0,ICA,3,2,0.0,0.0,0.0
0,ICA,3,3,0.0,0.0,0.0
0,ICA,3,4,0.0,0.0,0.0
0,ICA,3,5,0.0,0.0,0.0
0,ICA,3,6,0.0,0.0,0.0
0,ICA,3,7,0.0,0.0,0.0
0,ICA,3,8,0.0,0.0,0.0
0,ICA,3,9,0.0,0.0,0.0
0,ICA,3,10,0.0,0.0,0.0
0,ICA,3,11,0.0,0.0,0.0
0,ICA,3,12,0.0,0.0,0.0
0,ICA,3,13,0.0,0.0,0.0
0,ICA,3,14,0.0,0.0,0.0
0,ICA,3,15,0.0,0.0,0.0
0,ICA,3,16,0.0,0.0,0.0
0,ICA,3,17,0.0,0.0,0.0
0,ICA,3,18,0.0,0.0,0.0
0,ICA,3,19,0.0,0.0,0.0
0,ICA,4,0,0.7565,0.75675,1.4425033000006806
0,ICA,4,1,0.0,0.0,0.0
0,ICA,4,2,0.0,0.0,0.0
0,ICA,4,3,0.0,0.0,0.0
0,ICA,4,4,0.0,0.0,0.0
0,ICA,4,5,0.0,0.0,0.0
0,ICA,4,6,0.0,0.0,0.0
0,ICA,4,7,0.0,0.0,0.0
0,ICA,4,8,0.0,0.0,0.0
0,ICA,4,9,0.0,0.0,0.0
0,ICA,4,10,0.0,0.0,0.0
0,ICA,4,11,0.0,0.0,0.0
0,ICA,4,12,0.0,0.0,0.0
0,ICA,4,13,0.0,0.0,0.0
0,ICA,4,14,0.0,0.0,0.0
0,ICA,4,15,0.0,0.0,0.0
0,ICA,4,16,0.0,0.0,0.0
0,ICA,4,17,0.0,0.0,0.0
0,ICA,4,18,0.0,0.0,0.0
0,ICA,4,19,0.5,0.5,1.6455427000000782
0,ICA,5,0,0.763375,0.76525,1.4337401000011596
0,ICA,5,1,0.0,0.0,0.0
0,ICA,5,2,0.0,0.0,0.0
0,ICA,5,3,0.0,0.0,0.0
0,ICA,5,4,0.0,0.0,0.0
0,ICA,5,5,0.0,0.0,0.0
0,ICA,5,6,0.0,0.0,0.0
0,ICA,5,7,0.0,0.0,0.0
0,ICA,5,8,0.0,0.0,0.0
0,ICA,5,9,0.0,0.0,0.0
0,ICA,5,10,0.0,0.0,0.0
0,ICA,5,11,0.0,0.0,0.0
0,ICA,5,12,0.0,0.0,0.0
0,ICA,5,13,0.0,0.0,0.0
0,ICA,5,14,0.0,0.0,0.0
0,ICA,5,15,0.0,0.0,0.0
0,ICA,5,16,0.0,0.0,0.0
0,ICA,5,17,0.0,0.0,0.0
0,ICA,5,18,0.0,0.0,0.0
0,ICA,5,19,0.5,0.5,13.180411000001186
0,ICA,6,0,0.5,0.5,0.11315889999968931
0,ICA,6,1,0.0,0.0,0.0
0,ICA,6,2,0.0,0.0,0.0
0,ICA,6,3,0.0,0.0,0.0
0,ICA,6,4,0.0,0.0,0.0
0,ICA,6,5,0.0,0.0,0.0
0,ICA,6,6,0.0,0.0,0.0
0,ICA,6,7,0.0,0.0,0.0
0,ICA,6,8,0.0,0.0,0.0
0,ICA,6,9,0.0,0.0,0.0
0,ICA,6,10,0.0,0.0,0.0
0,ICA,6,11,0.0,0.0,0.0
0,ICA,6,12,0.0,0.0,0.0
0,ICA,6,13,0.0,0.0,0.0
0,ICA,6,14,0.0,0.0,0.0
0,ICA,6,15,0.0,0.0,0.0
0,ICA,6,16,0.0,0.0,0.0
0,ICA,6,17,0.0,0.0,0.0
0,ICA,6,18,0.0,0.0,0.0
0,ICA,6,19,0.5,0.5,11.752678599998035
0,ICA,7,0,0.7886875,0.79175,2.7379424999999173
0,ICA,7,1,0.0,0.0,0.0
0,ICA,7,2,0.0,0.0,0.0
0,ICA,7,3,0.0,0.0,0.0
0,ICA,7,4,0.0,0.0,0.0
0,ICA,7,5,0.0,0.0,0.0
0,ICA,7,6,0.0,0.0,0.0
0,ICA,7,7,0.0,0.0,0.0
0,ICA,7,8,0.0,0.0,0.0
0,ICA,7,9,0.0,0.0,0.0
0,ICA,7,10,0.0,0.0,0.0
0,ICA,7,11,0.0,0.0,0.0
0,ICA,7,12,0.0,0.0,0.0
0,ICA,7,13,0.0,0.0,0.0
0,ICA,7,14,0.0,0.0,0.0
0,ICA,7,15,0.0,0.0,0.0
0,ICA,7,16,0.0,0.0,0.0
0,ICA,7,17,0.0,0.0,0.0
0,ICA,7,18,0.0,0.0,0.0
0,ICA,7,19,0.5,0.5,0.7225579000005382
0,ICA,8,0,0.789,0.79075,0.6587626000000455
0,ICA,8,1,0.0,0.0,0.0
0,ICA,8,2,0.0,0.0,0.0
0,ICA,8,3,0.0,0.0,0.0
0,ICA,8,4,0.0,0.0,0.0
0,ICA,8,5,0.0,0.0,0.0
0,ICA,8,6,0.0,0.0,0.0
0,ICA,8,7,0.0,0.0,0.0
0,ICA,8,8,0.0,0.0,0.0
0,ICA,8,9,0.0,0.0,0.0
0,ICA,8,10,0.0,0.0,0.0
0,ICA,8,11,0.0,0.0,0.0
0,ICA,8,12,0.0,0.0,0.0
0,ICA,8,13,0.0,0.0,0.0
0,ICA,8,14,0.0,0.0,0.0
0,ICA,8,15,0.0,0.0,0.0
0,ICA,8,16,0.0,0.0,0.0
0,ICA,8,17,0.0,0.0,0.0
0,ICA,8,18,0.0,0.0,0.0
0,ICA,8,19,0.5,0.5,1.7392262000030314
0,ICA,9,0,0.5,0.5,0.0771677999982785
0,ICA,9,1,0.0,0.0,0.0
0,ICA,9,2,0.0,0.0,0.0
0,ICA,9,3,0.0,0.0,0.0
0,ICA,9,4,0.0,0.0,0.0
0,ICA,9,5,0.0,0.0,0.0
0,ICA,9,6,0.0,0.0,0.0
0,ICA,9,7,0.0,0.0,0.0
0,ICA,9,8,0.0,0.0,0.0
0,ICA,9,9,0.0,0.0,0.0
0,ICA,9,10,0.0,0.0,0.0
0,ICA,9,11,0.0,0.0,0.0
0,ICA,9,12,0.0,0.0,0.0
0,ICA,9,13,0.0,0.0,0.0
0,ICA,9,14,0.0,0.0,0.0
0,ICA,9,15,0.0,0.0,0.0
0,ICA,9,16,0.0,0.0,0.0
0,ICA,9,17,0.0,0.0,0.0
0,ICA,9,18,0.0,0.0,0.0
0,ICA,9,19,0.5,0.5,11.5770236999997
0,ICA,10,0,0.5,0.5,0.029897000000346452
0,ICA,10,1,0.0,0.0,0.0
0,ICA,10,2,0.0,0.0,0.0
0,ICA,10,3,0.0,0.0,0.0
0,ICA,10,4,0.0,0.0,0.0
0,ICA,10,5,0.0,0.0,0.0
0,ICA,10,6,0.0,0.0,0.0
0,ICA,10,7,0.0,0.0,0.0
0,ICA,10,8,0.0,0.0,0.0
0,ICA,10,9,0.0,0.0,0.0
0,ICA,10,10,0.0,0.0,0.0
0,ICA,10,11,0.0,0.0,0.0
0,ICA,10,12,0.0,0.0,0.0
0,ICA,10,13,0.0,0.0,0.0
0,ICA,10,14,0.0,0.0,0.0
0,ICA,10,15,0.0,0.0,0.0
0,ICA,10,16,0.0,0.0,0.0
0,ICA,10,17,0.0,0.0,0.0
0,ICA,10,18,0.0,0.0,0.0
0,ICA,10,19,0.5,0.5,7.699948600002244
0,ICA,11,0,0.7908125,0.79525,1.892413100002159
0,ICA,11,1,0.0,0.0,0.0
0,ICA,11,2,0.0,0.0,0.0
0,ICA,11,3,0.0,0.0,0.0
0,ICA,11,4,0.0,0.0,0.0
0,ICA,11,5,0.0,0.0,0.0
0,ICA,11,6,0.0,0.0,0.0
0,ICA,11,7,0.0,0.0,0.0
0,ICA,11,8,0.0,0.0,0.0
0,ICA,11,9,0.0,0.0,0.0
0,ICA,11,10,0.0,0.0,0.0
0,ICA,11,11,0.0,0.0,0.0
0,ICA,11,12,0.0,0.0,0.0
0,ICA,11,13,0.0,0.0,0.0
0,ICA,11,14,0.0,0.0,0.0
0,ICA,11,15,0.0,0.0,0.0
0,ICA,11,16,0.0,0.0,0.0
0,ICA,11,17,0.0,0.0,0.0
0,ICA,11,18,0.0,0.0,0.0
0,ICA,11,19,0.5,0.5,2.2578272000027937
0,ICA,12,0,0.5,0.5,0.02622229999906267
0,ICA,12,1,0.0,0.0,0.0
0,ICA,12,2,0.0,0.0,0.0
0,ICA,12,3,0.0,0.0,0.0
0,ICA,12,4,0.0,0.0,0.0
0,ICA,12,5,0.0,0.0,0.0
0,ICA,12,6,0.0,0.0,0.0
0,ICA,12,7,0.0,0.0,0.0
0,ICA,12,8,0.0,0.0,0.0
0,ICA,12,9,0.0,0.0,0.0
0,ICA,12,10,0.0,0.0,0.0
0,ICA,12,11,0.0,0.0,0.0
0,ICA,12,12,0.0,0.0,0.0
0,ICA,12,13,0.0,0.0,0.0
0,ICA,12,14,0.0,0.0,0.0
0,ICA,12,15,0.0,0.0,0.0
0,ICA,12,16,0.0,0.0,0.0
0,ICA,12,17,0.0,0.0,0.0
0,ICA,12,18,0.0,0.0,0.0
0,ICA,12,19,0.5,0.5,2.625797499997134
0,ICA,13,0,0.5,0.5,0.02369150000231457
0,ICA,13,1,0.0,0.0,0.0
0,ICA,13,2,0.0,0.0,0.0
0,ICA,13,3,0.0,0.0,0.0
0,ICA,13,4,0.0,0.0,0.0
0,ICA,13,5,0.0,0.0,0.0
0,ICA,13,6,0.0,0.0,0.0
0,ICA,13,7,0.0,0.0,0.0
0,ICA,13,8,0.0,0.0,0.0
0,ICA,13,9,0.0,0.0,0.0
0,ICA,13,10,0.0,0.0,0.0
0,ICA,13,11,0.0,0.0,0.0
0,ICA,13,12,0.0,0.0,0.0
0,ICA,13,13,0.0,0.0,0.0
0,ICA,13,14,0.0,0.0,0.0
0,ICA,13,15,0.0,0.0,0.0
0,ICA,13,16,0.0,0.0,0.0
0,ICA,13,17,0.0,0.0,0.0
0,ICA,13,18,0.0,0.0,0.0
0,ICA,13,19,0.5,0.5,19.687716599997657
0,ICA,14,0,0.795,0.797,2.291110199999821
0,ICA,14,1,0.0,0.0,0.0
0,ICA,14,2,0.0,0.0,0.0
0,ICA,14,3,0.0,0.0,0.0
0,ICA,14,4,0.0,0.0,0.0
0,ICA,14,5,0.0,0.0,0.0
0,ICA,14,6,0.0,0.0,0.0
0,ICA,14,7,0.0,0.0,0.0
0,ICA,14,8,0.0,0.0,0.0
0,ICA,14,9,0.0,0.0,0.0
0,ICA,14,10,0.0,0.0,0.0
0,ICA,14,11,0.0,0.0,0.0
0,ICA,14,12,0.0,0.0,0.0
0,ICA,14,13,0.0,0.0,0.0
0,ICA,14,14,0.0,0.0,0.0
0,ICA,14,15,0.0,0.0,0.0
0,ICA,14,16,0.0,0.0,0.0
0,ICA,14,17,0.0,0.0,0.0
0,ICA,14,18,0.0,0.0,0.0
0,ICA,14,19,0.5,0.5,19.18236590000015
0,ICA,15,0,0.5,0.5,0.07035950000135927
0,ICA,15,1,0.0,0.0,0.0
0,ICA,15,2,0.0,0.0,0.0
0,ICA,15,3,0.0,0.0,0.0
0,ICA,15,4,0.0,0.0,0.0
0,ICA,15,5,0.0,0.0,0.0
0,ICA,15,6,0.0,0.0,0.0
0,ICA,15,7,0.0,0.0,0.0
0,ICA,15,8,0.0,0.0,0.0
0,ICA,15,9,0.0,0.0,0.0
0,ICA,15,10,0.0,0.0,0.0
0,ICA,15,11,0.0,0.0,0.0
0,ICA,15,12,0.0,0.0,0.0
0,ICA,15,13,0.0,0.0,0.0
0,ICA,15,14,0.0,0.0,0.0
0,ICA,15,15,0.0,0.0,0.0
0,ICA,15,16,0.0,0.0,0.0
0,ICA,15,17,0.0,0.0,0.0
0,ICA,15,18,0.0,0.0,0.0
0,ICA,15,19,0.5,0.5,1.918768799998361
0,ICA,16,0,0.81675,0.8115,8.362528100002237
0,ICA,16,1,0.0,0.0,0.0
0,ICA,16,2,0.0,0.0,0.0
0,ICA,16,3,0.0,0.0,0.0
0,ICA,16,4,0.0,0.0,0.0
0,ICA,16,5,0.0,0.0,0.0
0,ICA,16,6,0.0,0.0,0.0
0,ICA,16,7,0.0,0.0,0.0
0,ICA,16,8,0.0,0.0,0.0
0,ICA,16,9,0.0,0.0,0.0
0,ICA,16,10,0.0,0.0,0.0
0,ICA,16,11,0.0,0.0,0.0
0,ICA,16,12,0.0,0.0,0.0
0,ICA,16,13,0.0,0.0,0.0
0,ICA,16,14,0.0,0.0,0.0
0,ICA,16,15,0.0,0.0,0.0
0,ICA,16,16,0.0,0.0,0.0
0,ICA,16,17,0.0,0.0,0.0
0,ICA,16,18,0.0,0.0,0.0
0,ICA,16,19,0.5,0.5,1.2185788999995566
0,ICA,17,0,0.7965,0.79925,1.3026033000023745
0,ICA,17,1,0.0,0.0,0.0
0,ICA,17,2,0.0,0.0,0.0
0,ICA,17,3,0.0,0.0,0.0
0,ICA,17,4,0.0,0.0,0.0
0,ICA,17,5,0.0,0.0,0.0
0,ICA,17,6,0.0,0.0,0.0
0,ICA,17,7,0.0,0.0,0.0
0,ICA,17,8,0.0,0.0,0.0
0,ICA,17,9,0.0,0.0,0.0
0,ICA,17,10,0.0,0.0,0.0
0,ICA,17,11,0.0,0.0,0.0
0,ICA,17,12,0.0,0.0,0.0
0,ICA,17,13,0.0,0.0,0.0
0,ICA,17,14,0.0,0.0,0.0
0,ICA,17,15,0.0,0.0,0.0
0,ICA,17,16,0.0,0.0,0.0
0,ICA,17,17,0.0,0.0,0.0
0,ICA,17,18,0.0,0.0,0.0
0,ICA,17,19,0.5,0.5,1.4555381999998644
0,ICA,18,0,0.8108125,0.8085,1.1207022000016877
0,ICA,18,1,0.0,0.0,0.0
0,ICA,18,2,0.0,0.0,0.0
0,ICA,18,3,0.0,0.0,0.0
0,ICA,18,4,0.0,0.0,0.0
0,ICA,18,5,0.0,0.0,0.0
0,ICA,18,6,0.0,0.0,0.0
0,ICA,18,7,0.0,0.0,0.0
0,ICA,18,8,0.0,0.0,0.0
0,ICA,18,9,0.0,0.0,0.0
0,ICA,18,10,0.0,0.0,0.0
0,ICA,18,11,0.0,0.0,0.0
0,ICA,18,12,0.0,0.0,0.0
0,ICA,18,13,0.0,0.0,0.0
0,ICA,18,14,0.0,0.0,0.0
0,ICA,18,15,0.0,0.0,0.0
0,ICA,18,16,0.0,0.0,0.0
0,ICA,18,17,0.0,0.0,0.0
0,ICA,18,18,0.0,0.0,0.0
0,ICA,18,19,0.5,0.5,12.236713300000702
0,ICA,19,0,0.5,0.5,0.024820899998303503
0,ICA,19,1,0.0,0.0,0.0
0,ICA,19,2,0.0,0.0,0.0
0,ICA,19,3,0.0,0.0,0.0
0,ICA,19,4,0.0,0.0,0.0
0,ICA,19,5,0.0,0.0,0.0
0,ICA,19,6,0.0,0.0,0.0
0,ICA,19,7,0.0,0.0,0.0
0,ICA,19,8,0.0,0.0,0.0
0,ICA,19,9,0.0,0.0,0.0
0,ICA,19,10,0.0,0.0,0.0
0,ICA,19,11,0.0,0.0,0.0
0,ICA,19,12,0.0,0.0,0.0
0,ICA,19,13,0.0,0.0,0.0
0,ICA,19,14,0.0,0.0,0.0
0,ICA,19,15,0.0,0.0,0.0
0,ICA,19,16,0.0,0.0,0.0
0,ICA,19,17,0.0,0.0,0.0
0,ICA,19,18,0.0,0.0,0.0
0,ICA,19,19,0.5,0.5,35.40129720000186
0,ICA,20,0,0.5,0.5,0.07005950000166195
0,ICA,20,1,0.0,0.0,0.0
0,ICA,20,2,0.0,0.0,0.0
0,ICA,20,3,0.0,0.0,0.0
0,ICA,20,4,0.0,0.0,0.0
0,ICA,20,5,0.0,0.0,0.0
0,ICA,20,6,0.0,0.0,0.0
0,ICA,20,7,0.0,0.0,0.0
0,ICA,20,8,0.0,0.0,0.0
0,ICA,20,9,0.0,0.0,0.0
0,ICA,20,10,0.0,0.0,0.0
0,ICA,20,11,0.0,0.0,0.0
0,ICA,20,12,0.0,0.0,0.0
0,ICA,20,13,0.0,0.0,0.0
0,ICA,20,14,0.0,0.0,0.0
0,ICA,20,15,0.0,0.0,0.0
0,ICA,20,16,0.0,0.0,0.0
0,ICA,20,17,0.0,0.0,0.0
0,ICA,20,18,0.0,0.0,0.0
0,ICA,20,19,0.5,0.5,1.9493398999984493
0,ICA,21,0,0.5,0.5,0.10476199999902747
0,ICA,21,1,0.0,0.0,0.0
0,ICA,21,2,0.0,0.0,0.0
0,ICA,21,3,0.0,0.0,0.0
0,ICA,21,4,0.0,0.0,0.0
0,ICA,21,5,0.0,0.0,0.0
0,ICA,21,6,0.0,0.0,0.0
0,ICA,21,7,0.0,0.0,0.0
0,ICA,21,8,0.0,0.0,0.0
0,ICA,21,9,0.0,0.0,0.0
0,ICA,21,10,0.0,0.0,0.0
0,ICA,21,11,0.0,0.0,0.0
0,ICA,21,12,0.0,0.0,0.0
0,ICA,21,13,0.0,0.0,0.0
0,ICA,21,14,0.0,0.0,0.0
0,ICA,21,15,0.0,0.0,0.0
0,ICA,21,16,0.0,0.0,0.0
0,ICA,21,17,0.0,0.0,0.0
0,ICA,21,18,0.0,0.0,0.0
0,ICA,21,19,0.5,0.5,7.79006759999902
0,ICA,22,0,0.5,0.50025,0.06143520000114222
0,ICA,22,1,0.0,0.0,0.0
0,ICA,22,2,0.0,0.0,0.0
0,ICA,22,3,0.0,0.0,0.0
0,ICA,22,4,0.0,0.0,0.0
0,ICA,22,5,0.0,0.0,0.0
0,ICA,22,6,0.0,0.0,0.0
0,ICA,22,7,0.0,0.0,0.0
0,ICA,22,8,0.0,0.0,0.0
0,ICA,22,9,0.0,0.0,0.0
0,ICA,22,10,0.0,0.0,0.0
0,ICA,22,11,0.0,0.0,0.0
0,ICA,22,12,0.0,0.0,0.0
0,ICA,22,13,0.0,0.0,0.0
0,ICA,22,14,0.0,0.0,0.0
0,ICA,22,15,0.0,0.0,0.0
0,ICA,22,16,0.0,0.0,0.0
0,ICA,22,17,0.0,0.0,0.0
0,ICA,22,18,0.0,0.0,0.0
0,ICA,22,19,0.5,0.5,19.66961000000083
0,ICA,23,0,0.5,0.5,0.031347899999673245
0,ICA,23,1,0.0,0.0,0.0
0,ICA,23,2,0.0,0.0,0.0
0,ICA,23,3,0.0,0.0,0.0
0,ICA,23,4,0.0,0.0,0.0
0,ICA,23,5,0.0,0.0,0.0
0,ICA,23,6,0.0,0.0,0.0
0,ICA,23,7,0.0,0.0,0.0
0,ICA,23,8,0.0,0.0,0.0
0,ICA,23,9,0.0,0.0,0.0
0,ICA,23,10,0.0,0.0,0.0
0,ICA,23,11,0.0,0.0,0.0
0,ICA,23,12,0.0,0.0,0.0
0,ICA,23,13,0.0,0.0,0.0
0,ICA,23,14,0.0,0.0,0.0
0,ICA,23,15,0.0,0.0,0.0
0,ICA,23,16,0.0,0.0,0.0
0,ICA,23,17,0.0,0.0,0.0
0,ICA,23,18,0.0,0.0,0.0
0,ICA,23,19,0.5,0.5,4.115120200000092
0,ICA,24,0,0.5,0.5,0.022291799999948125
0,ICA,24,1,0.0,0.0,0.0
0,ICA,24,2,0.0,0.0,0.0
0,ICA,24,3,0.0,0.0,0.0
0,ICA,24,4,0.0,0.0,0.0
0,ICA,24,5,0.0,0.0,0.0
0,ICA,24,6,0.0,0.0,0.0
0,ICA,24,7,0.0,0.0,0.0
0,ICA,24,8,0.0,0.0,0.0
0,ICA,24,9,0.0,0.0,0.0
0,ICA,24,10,0.0,0.0,0.0
0,ICA,24,11,0.0,0.0,0.0
0,ICA,24,12,0.0,0.0,0.0
0,ICA,24,13,0.0,0.0,0.0
0,ICA,24,14,0.0,0.0,0.0
0,ICA,24,15,0.0,0.0,0.0
0,ICA,24,16,0.0,0.0,0.0
0,ICA,24,17,0.0,0.0,0.0
0,ICA,24,18,0.0,0.0,0.0
0,ICA,24,19,0.5,0.5,6.175019999998767
0,ICA,25,0,0.49625,0.50975,0.05214020000130404
0,ICA,25,1,0.0,0.0,0.0
0,ICA,25,2,0.0,0.0,0.0
0,ICA,25,3,0.0,0.0,0.0
0,ICA,25,4,0.0,0.0,0.0
0,ICA,25,5,0.0,0.0,0.0
0,ICA,25,6,0.0,0.0,0.0
0,ICA,25,7,0.0,0.0,0.0
0,ICA,25,8,0.0,0.0,0.0
0,ICA,25,9,0.0,0.0,0.0
0,ICA,25,10,0.0,0.0,0.0
0,ICA,25,11,0.0,0.0,0.0
0,ICA,25,12,0.0,0.0,0.0
0,ICA,25,13,0.0,0.0,0.0
0,ICA,25,14,0.0,0.0,0.0
0,ICA,25,15,0.0,0.0,0.0
0,ICA,25,16,0.0,0.0,0.0
0,ICA,25,17,0.0,0.0,0.0
0,ICA,25,18,0.0,0.0,0.0
0,ICA,25,19,0.5,0.5,43.44886400000178
0,ICA,26,0,0.5,0.5,0.08580919999803882
0,ICA,26,1,0.0,0.0,0.0
0,ICA,26,2,0.0,0.0,0.0
0,ICA,26,3,0.0,0.0,0.0
0,ICA,26,4,0.0,0.0,0.0
0,ICA,26,5,0.0,0.0,0.0
0,ICA,26,6,0.0,0.0,0.0
0,ICA,26,7,0.0,0.0,0.0
0,ICA,26,8,0.0,0.0,0.0
0,ICA,26,9,0.0,0.0,0.0
0,ICA,26,10,0.0,0.0,0.0
0,ICA,26,11,0.0,0.0,0.0
0,ICA,26,12,0.0,0.0,0.0
0,ICA,26,13,0.0,0.0,0.0
0,ICA,26,14,0.0,0.0,0.0
0,ICA,26,15,0.0,0.0,0.0
0,ICA,26,16,0.0,0.0,0.0
0,ICA,26,17,0.0,0.0,0.0
0,ICA,26,18,0.0,0.0,0.0
0,ICA,26,19,0.5,0.5,31.16358400000172
0,ICA,27,0,0.5,0.5,0.07861849999972037
0,ICA,27,1,0.0,0.0,0.0
0,ICA,27,2,0.0,0.0,0.0
0,ICA,27,3,0.0,0.0,0.0
0,ICA,27,4,0.0,0.0,0.0
0,ICA,27,5,0.0,0.0,0.0
0,ICA,27,6,0.0,0.0,0.0
0,ICA,27,7,0.0,0.0,0.0
0,ICA,27,8,0.0,0.0,0.0
0,ICA,27,9,0.0,0.0,0.0
0,ICA,27,10,0.0,0.0,0.0
0,ICA,27,11,0.0,0.0,0.0
0,ICA,27,12,0.0,0.0,0.0
0,ICA,27,13,0.0,0.0,0.0
0,ICA,27,14,0.0,0.0,0.0
0,ICA,27,15,0.0,0.0,0.0
0,ICA,27,16,0.0,0.0,0.0
0,ICA,27,17,0.0,0.0,0.0
0,ICA,27,18,0.0,0.0,0.0
0,ICA,27,19,0.5,0.5,1.4194003000011435
0,ICA,28,0,0.829625,0.829,2.1016285000005155
0,ICA,28,1,0.0,0.0,0.0
0,ICA,28,2,0.0,0.0,0.0
0,ICA,28,3,0.0,0.0,0.0
0,ICA,28,4,0.0,0.0,0.0
0,ICA,28,5,0.0,0.0,0.0
0,ICA,28,6,0.0,0.0,0.0
0,ICA,28,7,0.0,0.0,0.0
0,ICA,28,8,0.0,0.0,0.0
0,ICA,28,9,0.0,0.0,0.0
0,ICA,28,10,0.0,0.0,0.0
0,ICA,28,11,0.0,0.0,0.0
0,ICA,28,12,0.0,0.0,0.0
0,ICA,28,13,0.0,0.0,0.0
0,ICA,28,14,0.0,0.0,0.0
0,ICA,28,15,0.0,0.0,0.0
0,ICA,28,16,0.0,0.0,0.0
0,ICA,28,17,0.0,0.0,0.0
0,ICA,28,18,0.0,0.0,0.0
0,ICA,28,19,0.5,0.5,2.0450035000030766
0,ICA,29,0,0.5,0.5,0.03279190000102972
0,ICA,29,1,0.0,0.0,0.0
0,ICA,29,2,0.0,0.0,0.0
0,ICA,29,3,0.0,0.0,0.0
0,ICA,29,4,0.0,0.0,0.0
0,ICA,29,5,0.0,0.0,0.0
0,ICA,29,6,0.0,0.0,0.0
0,ICA,29,7,0.0,0.0,0.0
0,ICA,29,8,0.0,0.0,0.0
0,ICA,29,9,0.0,0.0,0.0
0,ICA,29,10,0.0,0.0,0.0
0,ICA,29,11,0.0,0.0,0.0
0,ICA,29,12,0.0,0.0,0.0
0,ICA,29,13,0.0,0.0,0.0
0,ICA,29,14,0.0,0.0,0.0
0,ICA,29,15,0.0,0.0,0.0
0,ICA,29,16,0.0,0.0,0.0
0,ICA,29,17,0.0,0.0,0.0
0,ICA,29,18,0.0,0.0,0.0
0,ICA,29,19,0.5,0.5,15.151701599999797
0,ICA,30,0,0.5,0.5,0.09464630000002217
0,ICA,30,1,0.0,0.0,0.0
0,ICA,30,2,0.0,0.0,0.0
0,ICA,30,3,0.0,0.0,0.0
0,ICA,30,4,0.0,0.0,0.0
0,ICA,30,5,0.0,0.0,0.0
0,ICA,30,6,0.0,0.0,0.0
0,ICA,30,7,0.0,0.0,0.0
0,ICA,30,8,0.0,0.0,0.0
0,ICA,30,9,0.0,0.0,0.0
0,ICA,30,10,0.0,0.0,0.0
0,ICA,30,11,0.0,0.0,0.0
0,ICA,30,12,0.0,0.0,0.0
0,ICA,30,13,0.0,0.0,0.0
0,ICA,30,14,0.0,0.0,0.0
0,ICA,30,15,0.0,0.0,0.0
0,ICA,30,16,0.0,0.0,0.0
0,ICA,30,17,0.0,0.0,0.0
0,ICA,30,18,0.0,0.0,0.0
0,ICA,30,19,0.5,0.5,3.921606800002337
0,ICA,31,0,0.829,0.82825,35.75415859999703
0,ICA,31,1,0.0,0.0,0.0
0,ICA,31,2,0.0,0.0,0.0
0,ICA,31,3,0.0,0.0,0.0
0,ICA,31,4,0.0,0.0,0.0
0,ICA,31,5,0.0,0.0,0.0
0,ICA,31,6,0.0,0.0,0.0
0,ICA,31,7,0.0,0.0,0.0
0,ICA,31,8,0.0,0.0,0.0
0,ICA,31,9,0.0,0.0,0.0
0,ICA,31,10,0.0,0.0,0.0
0,ICA,31,11,0.0,0.0,0.0
0,ICA,31,12,0.0,0.0,0.0
0,ICA,31,13,0.0,0.0,0.0
0,ICA,31,14,0.0,0.0,0.0
0,ICA,31,15,0.0,0.0,0.0
0,ICA,31,16,0.0,0.0,0.0
0,ICA,31,17,0.0,0.0,0.0
0,ICA,31,18,0.0,0.0,0.0
0,ICA,31,19,0.0,0.0,0.0
0,ICA,32,0,0.5,0.5,0.13622079999913694
0,ICA,32,1,0.0,0.0,0.0
0,ICA,32,2,0.0,0.0,0.0
0,ICA,32,3,0.0,0.0,0.0
0,ICA,32,4,0.0,0.0,0.0
0,ICA,32,5,0.0,0.0,0.0
0,ICA,32,6,0.0,0.0,0.0
0,ICA,32,7,0.0,0.0,0.0
0,ICA,32,8,0.0,0.0,0.0
0,ICA,32,9,0.0,0.0,0.0
0,ICA,32,10,0.0,0.0,0.0
0,ICA,32,11,0.0,0.0,0.0
0,ICA,32,12,0.0,0.0,0.0
0,ICA,32,13,0.0,0.0,0.0
0,ICA,32,14,0.0,0.0,0.0
0,ICA,32,15,0.0,0.0,0.0
0,ICA,32,16,0.0,0.0,0.0
0,ICA,32,17,0.0,0.0,0.0
0,ICA,32,18,0.0,0.0,0.0
0,ICA,32,19,0.0,0.0,0.0
0,ICA,33,0,0.828125,0.82675,60.744811700002174
0,ICA,33,1,0.0,0.0,0.0
0,ICA,33,2,0.0,0.0,0.0
0,ICA,33,3,0.0,0.0,0.0
0,ICA,33,4,0.0,0.0,0.0
0,ICA,33,5,0.0,0.0,0.0
0,ICA,33,6,0.0,0.0,0.0
0,ICA,33,7,0.0,0.0,0.0
0,ICA,33,8,0.0,0.0,0.0
0,ICA,33,9,0.0,0.0,0.0
0,ICA,33,10,0.0,0.0,0.0
0,ICA,33,11,0.0,0.0,0.0
0,ICA,33,12,0.0,0.0,0.0
0,ICA,33,13,0.0,0.0,0.0
0,ICA,33,14,0.0,0.0,0.0
0,ICA,33,15,0.0,0.0,0.0
0,ICA,33,16,0.0,0.0,0.0
0,ICA,33,17,0.0,0.0,0.0
0,ICA,33,18,0.0,0.0,0.0
0,ICA,33,19,0.0,0.0,0.0
0,ICA,34,0,0.5,0.5,0.04357069999969099
0,ICA,34,1,0.0,0.0,0.0
0,ICA,34,2,0.0,0.0,0.0
0,ICA,34,3,0.0,0.0,0.0
0,ICA,34,4,0.0,0.0,0.0
0,ICA,34,5,0.0,0.0,0.0
0,ICA,34,6,0.0,0.0,0.0
0,ICA,34,7,0.0,0.0,0.0
0,ICA,34,8,0.0,0.0,0.0
0,ICA,34,9,0.0,0.0,0.0
0,ICA,34,10,0.0,0.0,0.0
0,ICA,34,11,0.0,0.0,0.0
0,ICA,34,12,0.0,0.0,0.0
0,ICA,34,13,0.0,0.0,0.0
0,ICA,34,14,0.0,0.0,0.0
0,ICA,34,15,0.0,0.0,0.0
0,ICA,34,16,0.0,0.0,0.0
0,ICA,34,17,0.0,0.0,0.0
0,ICA,34,18,0.0,0.0,0.0
0,ICA,34,19,0.0,0.0,0.0
0,RCA,1,0,0.5,0.5,0.09573960000125226
0,RCA,1,0,0.5,0.5,0.1207496999995783
0,RCA,1,1,0.5,0.5,0.232456199999433
0,RCA,1,2,0.5,0.5,0.24420549999922514
0,RCA,1,3,0.5,0.5,0.8008312000019941
0,RCA,1,4,0.5,0.5,1.0246970000007423
0,RCA,1,5,0.635,0.6365,1.2642288999995799
0,RCA,1,6,0.5,0.5,1.1097799999988638
0,RCA,1,7,0.635375,0.641,1.8590095000035944
0,RCA,1,8,0.624375,0.625,2.5289879999982077
0,RCA,1,9,0.640625,0.64475,3.933537900004012
0,RCA,1,10,0.6391875,0.643,3.7209070999961114
0,RCA,1,11,0.627625,0.62725,3.5298461000056705
0,RCA,1,12,0.640625,0.64475,6.45045840000239
0,RCA,1,13,0.5,0.5,4.644346900000528
0,RCA,1,14,0.0,0.0,0.0
0,RCA,1,15,0.0,0.0,0.0
0,RCA,1,16,0.0,0.0,0.0
0,RCA,1,17,0.0,0.0,0.0
0,RCA,1,18,0.0,0.0,0.0
0,RCA,1,19,0.0,0.0,0.0
0,RCA,2,0,0.63875,0.64175,2.2234153999961563
0,RCA,2,1,0.5,0.5,0.20712739999726182
0,RCA,2,2,0.5,0.5,0.2998636999982409
0,RCA,2,3,0.52625,0.5245,1.1591007999959402
0,RCA,2,4,0.607875,0.60925,0.7126339999958873
0,RCA,2,5,0.6848125,0.696,1.581433700004709
0,RCA,2,6,0.5,0.5,1.0702003999977023
0,RCA,2,7,0.6525625,0.6615,1.5245695999983582
0,RCA,2,8,0.620375,0.627,3.0264807999992627
0,RCA,2,9,0.6925,0.69975,3.345771499996772
0,RCA,2,10,0.662125,0.676,2.8324226000040653
0,RCA,2,11,0.684875,0.69325,3.2046575999993365
0,RCA,2,12,0.698875,0.70675,3.750067900000431
0,RCA,2,13,0.5,0.5,3.5176739000016823
0,RCA,2,14,0.6936875,0.6995,4.893957699998282
0,RCA,2,15,0.5,0.5,3.4819654999955674
0,RCA,2,16,0.6973125,0.70325,5.734157400002005
0,RCA,2,17,0.7048125,0.71175,6.5333678999959375
0,RCA,2,18,0.7075,0.70825,5.262253000000783
0,RCA,2,19,0.5,0.5,4.638035999996646
0,RCA,3,0,0.732375,0.74025,1.06526809999923
0,RCA,3,1,0.5,0.5,0.1611637999958475
0,RCA,3,2,0.5,0.5,0.2617497999963234
0,RCA,3,3,0.5436875,0.547,1.0778138999958173
0,RCA,3,4,0.7499375,0.75125,1.1792515000051935
0,RCA,3,5,0.672,0.679,1.4219033999979729
0,RCA,3,6,0.5,0.5,2.3834915999977966
0,RCA,3,7,0.722125,0.73025,3.2340601999967475
0,RCA,3,8,0.7136875,0.7135,2.6631632999997237
0,RCA,3,9,0.670625,0.68125,3.1373266000009608
0,RCA,3,10,0.651875,0.65525,2.9891153999997186
0,RCA,3,11,0.711875,0.71575,3.258935300000303
0,RCA,3,12,0.713,0.72425,3.8232512999966275
0,RCA,3,13,0.685625,0.7,4.582744500003173
0,RCA,3,14,0.7053125,0.72075,13.40067049999925
0,RCA,3,15,0.699875,0.7205,8.684732599998824
0,RCA,3,16,0.7165,0.7285,7.759577699995134
0,RCA,3,17,0.723875,0.73225,7.162078300003486
0,RCA,3,18,0.6970625,0.7085,8.118707500005257
0,RCA,3,19,0.5,0.5,11.873142099997494
0,RCA,4,0,0.69225,0.6995,3.5234200000049896
0,RCA,4,1,0.5,0.5,0.195747300000221
0,RCA,4,2,0.5,0.5,0.369576800003415
0,RCA,4,3,0.598375,0.603,0.9392822999943746
0,RCA,4,4,0.6380625,0.64725,1.5865524999971967
0,RCA,4,5,0.703625,0.69525,18.065220800002862
0,RCA,4,6,0.5,0.5,23.162326600002416
0,RCA,4,7,0.651,0.657,16.143714899997576
0,RCA,4,8,0.678375,0.683,4.7871490999968955
0,RCA,4,9,0.547875,0.549,39.08879039999738
0,RCA,4,10,0.7171875,0.7195,7.015767800003232
0,RCA,4,11,0.6933125,0.69925,34.42826299999433
0,RCA,4,12,0.5499375,0.551,7.182092499999271
0,RCA,4,13,0.67475,0.68025,5.737261200003559
0,RCA,4,14,0.7301875,0.726,29.98615140000038
0,RCA,4,15,0.515,0.51675,1.2486696999985725
0,RCA,4,16,0.7398125,0.7385,1.7240371000007144
0,RCA,4,17,0.73025,0.729,24.114913599994907
0,RCA,4,18,0.720875,0.71475,14.736295299997437
0,RCA,4,19,0.5,0.5,19.788343699998222
0,RCA,5,0,0.762375,0.77025,2.022701399997459
0,RCA,5,1,0.5,0.5,0.13117769999371376
0,RCA,5,2,0.5,0.5,20.09205970000039
0,RCA,5,3,0.6595625,0.66175,1.580537200003164
0,RCA,5,4,0.7160625,0.7145,2.7486827000029734
0,RCA,5,5,0.6673125,0.6685,6.217202600004384
0,RCA,5,6,0.5,0.5,8.739609999996901
0,RCA,5,7,0.7440625,0.74375,1.854600999999093
0,RCA,5,8,0.7209375,0.7215,15.762799900003301
0,RCA,5,9,0.7330625,0.73225,19.590457999998762
0,RCA,5,10,0.7125,0.71775,19.74863010000263
0,RCA,5,11,0.714,0.71375,16.457305700001598
0,RCA,5,12,0.7315,0.73,28.013570099996286
0,RCA,5,13,0.7016875,0.70425,31.718779599999834
0,RCA,5,14,0.744375,0.74025,34.81809789999534
0,RCA,5,15,0.5,0.5,34.807489999999234
0,RCA,5,16,0.7320625,0.7325,22.85664430000179
0,RCA,5,17,0.732,0.73275,22.503984499999206
0,RCA,5,18,0.624375,0.629,18.79896860000008
0,RCA,5,19,0.5,0.5,16.81617470000492
0,RCA,6,0,0.7298125,0.74125,1.2474422000013874
0,RCA,6,1,0.5,0.5,0.33238440000423
0,RCA,6,2,0.5,0.5,1.8051971000022604
0,RCA,6,3,0.637375,0.63875,6.578184600002714
0,RCA,6,4,0.5878125,0.5945,3.8508966000008513
0,RCA,6,5,0.6390625,0.647,4.769041200001084
0,RCA,6,6,0.5,0.5,5.8886608999964665
0,RCA,6,7,0.6131875,0.62875,10.410879600000044
0,RCA,6,8,0.6165625,0.6155,9.452041800002917
0,RCA,6,9,0.7058125,0.71475,11.53063999999722
0,RCA,6,10,0.5434375,0.54325,13.19602339999983
0,RCA,6,11,0.7004375,0.7015,10.517115399998147
0,RCA,6,12,0.72325,0.72975,13.252149399995687
0,RCA,6,13,0.704,0.70475,15.186200099997222
0,RCA,6,14,0.74525,0.74475,13.399390800004767
0,RCA,6,15,0.6146875,0.609,7.57696869999927
0,RCA,6,16,0.7385,0.7355,5.508825000004435
0,RCA,6,17,0.717125,0.7265,13.117255800003477
0,RCA,6,18,0.73925,0.74475,4.014373400001205
0,RCA,6,19,0.5,0.5,11.379341499996372
0,RCA,7,0,0.737625,0.737,2.556618399998115
0,RCA,7,1,0.5,0.5,0.10589729999628616
0,RCA,7,2,0.5,0.5,0.280486399999063
0,RCA,7,3,0.5,0.5,2.0919152999995276
0,RCA,7,4,0.5,0.5,4.149702399998205
0,RCA,7,5,0.6556875,0.65275,1.9018933000043035
0,RCA,7,6,0.5,0.5,1.853142600004503
0,RCA,7,7,0.6393125,0.64575,4.903967600002943
0,RCA,7,8,0.643625,0.64575,18.883038800006034
0,RCA,7,9,0.7588125,0.75825,19.830675000004703
0,RCA,7,10,0.7555,0.753,32.89079839999613
0,RCA,7,11,0.593125,0.59175,24.7962875000012
0,RCA,7,12,0.7346875,0.73575,20.33827839999867
0,RCA,7,13,0.5023125,0.50025,24.325922999996692
0,RCA,7,14,0.7189375,0.72225,24.760636799997883
0,RCA,7,15,0.7179375,0.72125,23.950646600002074
0,RCA,7,16,0.7060625,0.71525,25.563164399995003
0,RCA,7,17,0.719125,0.72825,36.16090319999785
0,RCA,7,18,0.718875,0.72825,33.6340887999977
0,RCA,7,19,0.5,0.5,20.554194299998926
0,RCA,8,0,0.7795625,0.782,5.245954199999687
0,RCA,8,1,0.5,0.5,0.48093230000085896
0,RCA,8,2,0.5,0.5,3.9967254000002868
0,RCA,8,3,0.62925,0.623,5.605287200000021
0,RCA,8,4,0.6715625,0.67825,7.835079399999813
0,RCA,8,5,0.68075,0.677,8.017099899996538
0,RCA,8,6,0.5,0.5,9.073634899999888
0,RCA,8,7,0.654375,0.6485,13.347702600003686
0,RCA,8,8,0.661625,0.66725,11.945301100000506
0,RCA,8,9,0.649375,0.651,10.236664199997904
0,RCA,8,10,0.7345625,0.7345,6.294705600004818
0,RCA,8,11,0.6591875,0.661,4.050498600001447
0,RCA,8,12,0.7566875,0.7505,4.197622699997737
0,RCA,8,13,0.5,0.5,3.1049602999992203
0,RCA,8,14,0.7504375,0.755,1.8782377000025008
0,RCA,8,15,0.638625,0.63675,1.7182536000036635
0,RCA,8,16,0.7701875,0.77075,2.600367799997912
0,RCA,8,17,0.76225,0.75875,18.45834019999893
0,RCA,8,18,0.7196875,0.71775,32.01608249999845
0,RCA,8,19,0.5,0.5,24.113133999999263
0,RCA,9,0,0.6811875,0.67725,8.461743399995612
0,RCA,9,1,0.5,0.5,0.7015609000009135
0,RCA,9,2,0.5,0.5,6.103426399997261
0,RCA,9,3,0.591875,0.585,8.391953199999989
0,RCA,9,4,0.5,0.5,15.793881200006581
0,RCA,9,5,0.595125,0.59625,15.46412479999708
0,RCA,9,6,0.5,0.5,19.300315899999987
0,RCA,9,7,0.6758125,0.67,20.011650499996904
0,RCA,9,8,0.6998125,0.697,38.60727400000178
0,RCA,9,9,0.701625,0.6925,26.089375800002017
0,RCA,9,10,0.699625,0.69125,36.835092199995415
0,RCA,9,11,0.6865,0.686,25.97711849999905
0,RCA,9,12,0.6871875,0.6855,23.705587899996317
0,RCA,9,13,0.7055625,0.698,30.118573799998558
0,RCA,9,14,0.6954375,0.6805,32.98241560000315
0,RCA,9,15,0.51425,0.513,25.65993029999663
0,RCA,9,16,0.698375,0.6825,11.460628499997256
0,RCA,9,17,0.7035625,0.6975,7.822312399999646
0,RCA,9,18,0.693625,0.6905,15.652573200000916
0,RCA,9,19,0.5,0.5,11.502924300002633
0,RCA,10,0,0.7803125,0.77725,4.36140560000058
0,RCA,10,1,0.5,0.5,0.17512410000199452
0,RCA,10,2,0.5,0.5,0.47693870000512106
0,RCA,10,3,0.583375,0.591,2.2947123999983887
0,RCA,10,4,0.6914375,0.69425,3.05091910000192
0,RCA,10,5,0.7329375,0.73175,2.213742400002957
0,RCA,10,6,0.5,0.5,2.6261381000003894
0,RCA,10,7,0.7195625,0.72775,2.779115500001353
0,RCA,10,8,0.7085625,0.70725,3.2995146999965073
0,RCA,10,9,0.699875,0.70375,41.72497320000548
0,RCA,10,10,0.691625,0.69425,47.34245910000027
0,RCA,10,11,0.706125,0.7125,58.184814799999
0,RCA,10,12,0.636375,0.63975,78.58435769999778
0,RCA,10,13,0.708,0.71125,49.09737299999688
0,RCA,10,14,0.726875,0.72775,48.02754300000379
0,RCA,10,15,0.7363125,0.73525,41.337157499998284
0,RCA,10,16,0.750875,0.74775,22.148058599996148
0,RCA,10,17,0.7501875,0.7475,9.971443599999475
0,RCA,10,18,0.7501875,0.74725,5.334468900000502
0,RCA,10,19,0.5,0.5,18.70816200000263
0,RCA,11,0,0.80125,0.80275,5.3128514000054565
0,RCA,11,1,0.5,0.5,0.4551539000021876
0,RCA,11,2,0.5,0.5,3.436228200000187
0,RCA,11,3,0.5901875,0.605,6.347899000000325
0,RCA,11,4,0.59925,0.60875,10.5593316999948
0,RCA,11,5,0.63525,0.64025,20.46865780000371
0,RCA,11,6,0.5,0.5,13.528702099996735
0,RCA,11,7,0.7338125,0.73975,32.80606909999915
0,RCA,11,8,0.7216875,0.726,31.52263479999965
0,RCA,11,9,0.729875,0.729,32.84929750000447
0,RCA,11,10,0.7331875,0.739,38.72651480000059
0,RCA,11,11,0.7003125,0.70525,51.890847000002395
0,RCA,11,12,0.690875,0.6915,36.488053000000946
0,RCA,11,13,0.7016875,0.69725,49.10096440000052
0,RCA,11,14,0.759,0.7635,28.58852630000183
0,RCA,11,15,0.5,0.5,28.911958899996534
0,RCA,11,16,0.744875,0.746,13.910703900000954
0,RCA,11,17,0.70575,0.71175,20.62687520000327
0,RCA,11,18,0.7534375,0.7515,18.354557400001795
0,RCA,11,19,0.5,0.5,11.965977600004408
0,RCA,12,0,0.792,0.79275,2.0751763000007486
0,RCA,12,1,0.5,0.5,0.19313289999990957
0,RCA,12,2,0.5,0.5,0.47580050000397023
0,RCA,12,3,0.623125,0.622,1.6132431000005454
0,RCA,12,4,0.636,0.64825,2.023333700002695
0,RCA,12,5,0.60775,0.6065,27.077629999999772
0,RCA,12,6,0.5,0.5,29.76511069999833
0,RCA,12,7,0.74975,0.75125,49.738442099995154
0,RCA,12,8,0.6988125,0.70825,31.90607170000294
0,RCA,12,9,0.7368125,0.7415,44.39661879999767
0,RCA,12,10,0.6843125,0.70275,51.00769410000066
0,RCA,12,11,0.7125,0.71975,50.086192899994785
0,RCA,12,12,0.51825,0.5185,29.454592499998398
0,RCA,12,13,0.5,0.5,28.588297099995543
0,RCA,12,14,0.76675,0.77225,28.13971429999947
0,RCA,12,15,0.580875,0.58175,13.807421400000749
0,RCA,12,16,0.76825,0.77175,9.410612300001958
0,RCA,12,17,0.7741875,0.77825,3.9882018999996944
0,RCA,12,18,0.752,0.75925,6.339074399998935
0,RCA,12,19,0.5,0.5,8.816853500000434
0,RCA,13,0,0.794,0.795,12.825017299997853
0,RCA,13,1,0.5,0.5,0.8998619000049075
0,RCA,13,2,0.5,0.5,5.75105409999378
0,RCA,13,3,0.699875,0.704,7.875124199999846
0,RCA,13,4,0.716875,0.72075,18.266631500002404
0,RCA,13,5,0.7494375,0.746,16.72474659999716
0,RCA,13,6,0.5,0.5,25.507797699996445
0,RCA,13,7,0.7019375,0.7055,42.72687690000021
0,RCA,13,8,0.6929375,0.70325,65.54009560000122
0,RCA,13,9,0.721625,0.72925,78.08040980000078
0,RCA,13,10,0.740375,0.7475,50.33520719999797
0,RCA,13,11,0.7525625,0.7515,57.582010199999786
0,RCA,13,12,0.7586875,0.75575,23.842875000002095
0,LDA,1,0,0.5,0.5,0.24952679999842076
0,LDA,1,1,0.0,0.0,0.0
0,LDA,1,2,0.0,0.0,0.0
0,LDA,1,3,0.0,0.0,0.0
0,LDA,1,4,0.0,0.0,0.0
0,LDA,1,5,0.0,0.0,0.0
0,LDA,1,6,0.0,0.0,0.0
0,LDA,1,7,0.0,0.0,0.0
0,LDA,1,8,0.0,0.0,0.0
0,LDA,1,9,0.0,0.0,0.0
0,LDA,1,10,0.0,0.0,0.0
0,LDA,1,11,0.0,0.0,0.0
0,LDA,1,12,0.0,0.0,0.0
0,LDA,1,13,0.0,0.0,0.0
0,LDA,1,14,0.0,0.0,0.0
0,LDA,1,15,0.0,0.0,0.0
0,LDA,1,16,0.0,0.0,0.0
0,LDA,1,17,0.0,0.0,0.0
0,LDA,1,18,0.0,0.0,0.0
0,LDA,1,19,0.0,0.0,0.0
